Subject,Passages,Condition,Difficult,Booklet,Sen_num,num_Probs,RT,RT_out,MW,Com_Score,MW_x_Dif
1,4,Easy,0,1,2,4,2657,2657,0,1,0
1,1,Difficult,1,1,1,7,2687,2687,1,1,1
1,6,Easy,0,1,3,4,3146,3146,0,1,0
1,1,Difficult,1,1,1,7,3849,3849,0,1,0
1,5,Difficult,1,1,2,5,3852,3852,0,1,0
1,4,Easy,0,1,2,4,3963,3963,1,1,0
1,2,Easy,0,1,1,4,4322,4322,0,0,0
1,1,Difficult,1,1,1,7,4505,4505,0,1,0
1,7,Difficult,1,1,3,4,4523,4523,0,1,0
1,7,Difficult,1,1,4,4,4679,4679,0,1,0
1,2,Easy,0,1,1,4,4759,4759,0,0,0
1,5,Difficult,1,1,2,5,4828,4828,0,1,0
1,5,Difficult,1,1,2,5,6001,6001,0,1,0
1,6,Easy,0,1,3,4,6054,6054,0,1,0
1,6,Easy,0,1,3,4,6209,6209,0,0,0
1,6,Easy,0,1,3,4,6254,6254,0,0,0
1,3,Difficult,1,1,1,4,6306,6306,0,1,0
1,4,Easy,0,1,2,4,6775,6775,0,0,0
1,1,Difficult,1,1,1,7,7062,7062,0,1,0
1,3,Difficult,1,1,1,4,7571,7571,0,0,0
1,8,Easy,0,1,5,4,8753,8753,0,1,0
1,8,Easy,0,1,7,4,8937,8937,0,0,0
1,1,Difficult,1,1,1,7,10427,10427,1,0,1
1,1,Difficult,1,1,1,7,10548,10548,0,0,0
1,4,Easy,0,1,2,4,12857,12857,0,1,0
1,1,Difficult,1,1,1,7,13738,13738,0,0,0
1,8,Easy,0,1,6,4,16783,16783,0,0,0
2,4,Difficult,1,2,2,4,2944,2944,1,1,1
2,6,Difficult,1,2,3,4,3240,3240,1,0,1
2,1,Easy,0,2,1,7,3401,3401,1,0,0
2,4,Difficult,1,2,2,4,3546,3546,1,0,1
2,1,Easy,0,2,1,7,3609,3609,1,0,0
2,5,Easy,0,2,2,3,3680,3680,0,0,0
2,6,Difficult,1,2,3,4,4076,4076,1,1,1
2,4,Difficult,1,2,2,4,4151,4151,1,1,1
2,1,Easy,0,2,1,7,4233,4233,1,0,0
2,7,Easy,0,2,3,2,4476,4476,0,0,0
2,4,Difficult,1,2,2,4,4710,4710,1,0,1
2,1,Easy,0,2,1,7,4975,4975,1,0,0
2,8,Difficult,1,2,6,3,5379,5379,1,0,1
2,6,Difficult,1,2,3,4,5960,5960,1,1,1
2,2,Difficult,1,2,1,2,6424,6424,0,1,0
2,5,Easy,0,2,3,3,6744,6744,1,0,0
2,1,Easy,0,2,1,7,7110,7110,1,1,0
2,2,Difficult,1,2,1,2,7289,7289,0,0,0
2,3,Easy,0,2,2,2,7311,7311,1,1,0
2,6,Difficult,1,2,3,4,7694,7694,0,1,0
2,8,Difficult,1,2,5,3,7909,7909,0,1,0
2,1,Easy,0,2,1,7,7936,7936,1,1,0
2,5,Easy,0,2,2,3,9241,9241,0,0,0
2,1,Easy,0,2,1,7,11175,11175,1,0,0
2,8,Difficult,1,2,7,3,11929,11929,1,0,1
2,3,Easy,0,2,2,2,13831,13831,1,1,0
2,7,Easy,0,2,4,2,23848,23848,0,1,0
3,1,Difficult,1,1,1,7,2877,2877,0,1,0
3,1,Difficult,1,1,1,7,3686,3686,0,1,0
3,1,Difficult,1,1,1,7,4101,4101,0,1,0
3,6,Easy,0,1,3,4,4103,4103,0,1,0
3,2,Easy,0,1,2,4,4644,4644,1,1,0
3,1,Difficult,1,1,1,7,5103,5103,0,1,0
3,3,Difficult,1,1,2,4,5805,5805,1,1,1
3,4,Easy,0,1,2,4,6631,6631,0,0,0
3,6,Easy,0,1,3,4,7304,7304,0,0,0
3,8,Easy,0,1,1,4,7647,7647,1,0,0
3,1,Difficult,1,1,1,7,8387,8387,0,1,0
3,3,Difficult,1,1,2,4,8663,8663,1,1,1
3,5,Difficult,1,1,3,5,9403,9403,1,0,1
3,7,Difficult,1,1,5,4,10234,10234,0,1,0
3,1,Difficult,1,1,1,7,10324,10324,0,1,0
3,4,Easy,0,1,2,4,10353,10353,0,1,0
3,6,Easy,0,1,3,4,11010,11010,1,1,0
3,2,Easy,0,1,1,4,12663,12663,0,0,0
3,5,Difficult,1,1,3,5,14442,14442,1,1,1
3,8,Easy,0,1,2,4,14961,14961,0,0,0
3,8,Easy,0,1,7,4,15029,15029,0,0,0
3,1,Difficult,1,1,1,7,15453,15453,1,0,1
3,4,Easy,0,1,2,4,15505,15505,0,1,0
3,7,Difficult,1,1,6,4,16773,16773,0,0,0
3,6,Easy,0,1,4,4,25595,25595,0,1,0
3,5,Difficult,1,1,2,5,32280,32280,0,0,0
3,4,Easy,0,1,2,4,39221,37427,0,1,0
4,4,Difficult,1,2,2,4,2896,2896,0,1,0
4,1,Easy,0,2,1,7,3351,3351,1,1,0
4,1,Easy,0,2,1,7,4401,4401,0,1,0
4,1,Easy,0,2,1,7,4402,4402,0,0,0
4,5,Easy,0,2,2,3,4508,4508,0,0,0
4,4,Difficult,1,2,2,4,4601,4601,0,0,0
4,6,Difficult,1,2,3,4,4942,4942,0,1,0
4,7,Easy,0,2,5,2,5742,5742,0,1,0
4,8,Difficult,1,2,1,3,5928,5928,0,1,0
4,4,Difficult,1,2,2,4,6207,6207,0,1,0
4,5,Easy,0,2,3,3,6229,6229,0,1,0
4,8,Difficult,1,2,2,3,6229,6229,0,0,0
4,1,Easy,0,2,1,7,6843,6843,0,1,0
4,1,Easy,0,2,1,7,7353,7353,0,0,0
4,1,Easy,0,2,1,7,7398,7398,0,0,0
4,2,Difficult,1,2,1,2,7538,7538,0,0,0
4,2,Difficult,1,2,2,2,9079,9079,0,1,0
4,7,Easy,0,2,6,2,10492,10492,0,0,0
4,8,Difficult,1,2,7,3,10809,10809,1,0,1
4,3,Easy,0,2,2,2,10905,10905,0,0,0
4,4,Difficult,1,2,2,4,11253,11253,0,0,0
4,5,Easy,0,2,3,3,11780,11780,0,1,0
4,6,Difficult,1,2,3,4,12197,12197,0,0,0
4,6,Difficult,1,2,4,4,13875,13875,0,1,0
4,6,Difficult,1,2,3,4,14779,14779,0,1,0
4,1,Easy,0,2,1,7,16541,16541,0,1,0
4,3,Easy,0,2,2,2,23172,23172,0,0,0
5,2,Easy,0,1,2,4,3983,3983,1,1,0
5,4,Easy,0,1,2,4,4078,4078,0,0,0
5,1,Difficult,1,1,1,7,4731,4731,0,0,0
5,1,Difficult,1,1,1,7,4957,4957,0,1,0
5,2,Easy,0,1,1,4,4973,4973,0,0,0
5,4,Easy,0,1,2,4,5390,5390,0,0,0
5,6,Easy,0,1,3,4,5827,5827,1,1,0
5,1,Difficult,1,1,1,7,5899,5899,0,0,0
5,5,Difficult,1,1,3,5,5923,5923,1,1,1
5,6,Easy,0,1,3,4,6035,6035,0,1,0
5,5,Difficult,1,1,2,5,6285,6285,0,1,0
5,6,Easy,0,1,4,4,6335,6335,0,1,0
5,1,Difficult,1,1,1,7,6453,6453,1,1,1
5,3,Difficult,1,1,2,4,6461,6461,1,0,1
5,1,Difficult,1,1,1,7,6851,6851,0,1,0
5,8,Easy,0,1,1,4,7217,7217,0,1,0
5,4,Easy,0,1,2,4,8514,8514,0,1,0
5,6,Easy,0,1,3,4,8697,8697,0,0,0
5,1,Difficult,1,1,1,7,9113,9113,0,0,0
5,4,Easy,0,1,2,4,9330,9330,0,0,0
5,1,Difficult,1,1,1,7,10566,10566,0,1,0
5,7,Difficult,1,1,6,4,11518,11518,0,0,0
5,5,Difficult,1,1,3,5,13632,13632,1,0,1
5,7,Difficult,1,1,5,4,15110,15110,0,1,0
5,8,Easy,0,1,2,4,15653,15653,0,1,0
5,3,Difficult,1,1,2,4,16793,16793,1,0,1
5,8,Easy,0,1,7,4,18400,18400,1,0,0
6,5,Easy,0,2,2,3,5095,5095,0,0,0
6,1,Easy,0,2,1,7,5123,5123,1,0,0
6,6,Difficult,1,2,3,4,5146,5146,0,0,0
6,1,Easy,0,2,1,7,5731,5731,1,0,0
6,1,Easy,0,2,1,7,5849,5849,1,1,0
6,2,Difficult,1,2,1,2,5993,5993,0,1,0
6,3,Easy,0,2,2,2,6124,6124,1,1,0
6,6,Difficult,1,2,4,4,6190,6190,1,1,1
6,8,Difficult,1,2,7,3,6805,6805,1,0,1
6,1,Easy,0,2,1,7,7169,7169,0,0,0
6,4,Difficult,1,2,2,4,7287,7287,0,1,0
6,7,Easy,0,2,6,2,7307,7307,0,0,0
6,4,Difficult,1,2,2,4,7432,7432,1,0,1
6,7,Easy,0,2,5,2,8609,8609,0,1,0
6,5,Easy,0,2,3,3,8701,8701,1,0,0
6,6,Difficult,1,2,3,4,9150,9150,0,0,0
6,4,Difficult,1,2,2,4,9249,9249,1,1,1
6,8,Difficult,1,2,1,3,9286,9286,0,0,0
6,6,Difficult,1,2,3,4,10272,10272,0,1,0
6,1,Easy,0,2,1,7,10606,10606,0,1,0
6,1,Easy,0,2,1,7,10641,10641,0,0,0
6,5,Easy,0,2,3,3,10978,10978,1,0,0
6,2,Difficult,1,2,2,2,11994,11994,1,1,1
6,8,Difficult,1,2,2,3,12059,12059,0,1,0
6,4,Difficult,1,2,2,4,12639,12639,0,0,0
6,3,Easy,0,2,2,2,14451,14451,1,0,0
6,1,Easy,0,2,1,7,15879,15879,1,0,0
7,5,Difficult,1,1,3,5,3548,3548,0,1,0
7,4,Easy,0,1,2,4,3685,3685,0,1,0
7,4,Easy,0,1,2,4,4218,4218,0,0,0
7,6,Easy,0,1,3,4,4609,4609,0,1,0
7,1,Difficult,1,1,1,7,5917,5917,0,0,0
7,2,Easy,0,1,1,4,5941,5941,0,0,0
7,1,Difficult,1,1,1,7,6113,6113,0,1,0
7,3,Difficult,1,1,2,4,6117,6117,0,1,0
7,1,Difficult,1,1,1,7,6356,6356,0,1,0
7,1,Difficult,1,1,1,7,6389,6389,0,1,0
7,4,Easy,0,1,2,4,6395,6395,0,1,0
7,5,Difficult,1,1,2,5,6533,6533,0,1,0
7,5,Difficult,1,1,3,5,7545,7545,0,1,0
7,7,Difficult,1,1,5,4,7966,7966,0,1,0
7,7,Difficult,1,1,6,4,8578,8578,0,0,0
7,6,Easy,0,1,3,4,8935,8935,0,1,0
7,1,Difficult,1,1,1,7,8971,8971,0,1,0
7,1,Difficult,1,1,1,7,9340,9340,0,1,0
7,2,Easy,0,1,2,4,9380,9380,1,0,0
7,8,Easy,0,1,1,4,9424,9424,0,1,0
7,8,Easy,0,1,7,4,9524,9524,0,0,0
7,1,Difficult,1,1,1,7,10185,10185,0,0,0
7,8,Easy,0,1,2,4,12285,12285,0,1,0
7,3,Difficult,1,1,2,4,15951,15951,0,1,0
7,4,Easy,0,1,2,4,16619,16619,0,1,0
7,6,Easy,0,1,3,4,21049,21049,0,1,0
7,6,Easy,0,1,4,4,67740,37427,0,1,0
8,1,Easy,0,2,1,7,3411,3411,1,1,0
8,3,Easy,0,2,2,2,4030,4030,1,1,0
8,6,Difficult,1,2,4,4,5154,5154,0,1,0
8,4,Difficult,1,2,2,4,5963,5963,0,1,0
8,4,Difficult,1,2,2,4,6022,6022,0,1,0
8,2,Difficult,1,2,1,2,6349,6349,0,0,0
8,8,Difficult,1,2,7,3,6372,6372,0,0,0
8,3,Easy,0,2,2,2,6834,6834,1,1,0
8,1,Easy,0,2,1,7,7094,7094,1,0,0
8,4,Difficult,1,2,2,4,7262,7262,0,1,0
8,1,Easy,0,2,1,7,7374,7374,0,1,0
8,1,Easy,0,2,1,7,7466,7466,0,1,0
8,1,Easy,0,2,1,7,8013,8013,0,1,0
8,1,Easy,0,2,1,7,8254,8254,0,1,0
8,4,Difficult,1,2,2,4,8329,8329,1,0,1
8,2,Difficult,1,2,2,2,8376,8376,1,1,1
8,5,Easy,0,2,3,3,9124,9124,0,0,0
8,5,Easy,0,2,3,3,9237,9237,0,1,0
8,6,Difficult,1,2,3,4,9335,9335,0,0,0
8,5,Easy,0,2,2,3,9607,9607,0,1,0
8,6,Difficult,1,2,3,4,10726,10726,0,0,0
8,6,Difficult,1,2,3,4,10959,10959,0,1,0
8,8,Difficult,1,2,1,3,11449,11449,1,1,1
8,8,Difficult,1,2,2,3,12671,12671,1,1,1
8,7,Easy,0,2,5,2,14651,14651,0,1,0
8,1,Easy,0,2,1,7,17032,17032,0,1,0
8,7,Easy,0,2,6,2,21672,21672,0,0,0
9,5,Difficult,1,1,2,5,3967,3967,0,0,0
9,1,Difficult,1,1,1,7,4697,4697,1,0,1
9,4,Easy,0,1,2,4,4876,4876,1,1,0
9,1,Difficult,1,1,1,7,5382,5382,1,0,1
9,4,Easy,0,1,2,4,5983,5983,0,1,0
9,3,Difficult,1,1,2,4,6233,6233,1,1,1
9,4,Easy,0,1,2,4,6691,6691,1,0,0
9,6,Easy,0,1,3,4,6706,6706,0,0,0
9,3,Difficult,1,1,2,4,6805,6805,1,0,1
9,6,Easy,0,1,3,4,6853,6853,0,0,0
9,1,Difficult,1,1,1,7,6873,6873,1,0,1
9,8,Easy,0,1,1,4,6910,6910,0,1,0
9,2,Easy,0,1,1,4,7204,7204,0,1,0
9,2,Easy,0,1,2,4,8368,8368,1,1,0
9,6,Easy,0,1,4,4,8609,8609,0,1,0
9,1,Difficult,1,1,1,7,10234,10234,0,1,0
9,1,Difficult,1,1,1,7,10567,10567,1,1,1
9,8,Easy,0,1,7,4,11397,11397,0,0,0
9,7,Difficult,1,1,5,4,11889,11889,1,1,1
9,4,Easy,0,1,2,4,12007,12007,1,0,0
9,6,Easy,0,1,3,4,12082,12082,1,0,0
9,5,Difficult,1,1,3,5,13193,13193,1,0,1
9,1,Difficult,1,1,1,7,13298,13298,0,1,0
9,8,Easy,0,1,2,4,15595,15595,0,1,0
9,1,Difficult,1,1,1,7,20414,20414,0,0,0
9,5,Difficult,1,1,3,5,22707,22707,1,1,1
9,7,Difficult,1,1,6,4,36131,36131,0,0,0
10,1,Easy,0,2,1,7,4068,4068,0,0,0
10,4,Difficult,1,2,2,4,4292,4292,0,0,0
10,4,Difficult,1,2,2,4,4744,4744,0,1,0
10,1,Easy,0,2,1,7,4791,4791,0,1,0
10,2,Difficult,1,2,1,2,5054,5054,0,1,0
10,1,Easy,0,2,1,7,5158,5158,1,1,0
10,1,Easy,0,2,1,7,5838,5838,0,1,0
10,3,Easy,0,2,2,2,6167,6167,1,0,0
10,5,Easy,0,2,3,3,7055,7055,1,1,0
10,8,Difficult,1,2,7,3,7445,7445,0,0,0
10,6,Difficult,1,2,4,4,7925,7925,1,1,1
10,3,Easy,0,2,2,2,8215,8215,1,1,0
10,6,Difficult,1,2,3,4,8299,8299,0,0,0
10,7,Easy,0,2,6,2,8476,8476,0,0,0
10,5,Easy,0,2,2,3,8615,8615,0,1,0
10,4,Difficult,1,2,2,4,8664,8664,0,1,0
10,8,Difficult,1,2,1,3,9173,9173,0,1,0
10,5,Easy,0,2,3,3,9292,9292,1,1,0
10,8,Difficult,1,2,2,3,9495,9495,0,1,0
10,6,Difficult,1,2,3,4,9700,9700,0,1,0
10,1,Easy,0,2,1,7,10430,10430,0,0,0
10,6,Difficult,1,2,3,4,10799,10799,0,1,0
10,2,Difficult,1,2,2,2,13457,13457,1,1,1
10,1,Easy,0,2,1,7,14482,14482,0,1,0
10,4,Difficult,1,2,2,4,16861,16861,0,1,0
10,7,Easy,0,2,5,2,22782,22782,1,1,0
10,1,Easy,0,2,1,7,26860,26860,0,1,0
11,2,Easy,0,1,2,4,5507,5507,1,1,0
11,7,Difficult,1,1,5,4,5510,5510,1,1,1
11,1,Difficult,1,1,1,7,6069,6069,1,1,1
11,1,Difficult,1,1,1,7,6265,6265,0,1,0
11,1,Difficult,1,1,1,7,6628,6628,1,1,1
11,4,Easy,0,1,2,4,6658,6658,1,1,0
11,2,Easy,0,1,1,4,7322,7322,0,1,0
11,5,Difficult,1,1,2,5,9066,9066,0,1,0
11,1,Difficult,1,1,1,7,9133,9133,1,0,1
11,1,Difficult,1,1,1,7,10060,10060,0,1,0
11,6,Easy,0,1,4,4,10457,10457,1,1,0
11,7,Difficult,1,1,6,4,11570,11570,0,0,0
11,6,Easy,0,1,3,4,11895,11895,0,1,0
11,4,Easy,0,1,2,4,12011,12011,1,0,0
11,4,Easy,0,1,2,4,13119,13119,1,0,0
11,6,Easy,0,1,3,4,13309,13309,0,1,0
11,5,Difficult,1,1,3,5,13507,13507,0,0,0
11,3,Difficult,1,1,2,4,14993,14993,1,0,1
11,8,Easy,0,1,1,4,15338,15338,1,0,0
11,3,Difficult,1,1,2,4,15349,15349,1,1,1
11,6,Easy,0,1,3,4,16485,16485,0,0,0
11,1,Difficult,1,1,1,7,18475,18475,0,0,0
11,1,Difficult,1,1,1,7,19562,19562,1,1,1
11,8,Easy,0,1,2,4,20192,20192,0,0,0
11,8,Easy,0,1,7,4,20244,20244,1,0,0
11,5,Difficult,1,1,3,5,24171,24171,0,1,0
11,4,Easy,0,1,2,4,35535,35535,0,0,0
12,1,Easy,0,2,1,7,3225,3225,1,1,0
12,4,Difficult,1,2,2,4,3575,3575,1,0,1
12,1,Easy,0,2,1,7,4133,4133,0,1,0
12,8,Difficult,1,2,1,3,4191,4191,1,1,1
12,1,Easy,0,2,1,7,4297,4297,0,1,0
12,1,Easy,0,2,1,7,4373,4373,0,1,0
12,8,Difficult,1,2,2,3,4735,4735,0,1,0
12,3,Easy,0,2,2,2,4928,4928,1,0,0
12,5,Easy,0,2,3,3,5088,5088,1,1,0
12,2,Difficult,1,2,1,2,5093,5093,0,1,0
12,4,Difficult,1,2,2,4,5247,5247,1,0,1
12,6,Difficult,1,2,3,4,5558,5558,0,1,0
12,5,Easy,0,2,2,3,6006,6006,0,0,0
12,4,Difficult,1,2,2,4,6118,6118,0,0,0
12,2,Difficult,1,2,2,2,6357,6357,1,1,1
12,1,Easy,0,2,1,7,7263,7263,0,0,0
12,5,Easy,0,2,3,3,7268,7268,0,0,0
12,6,Difficult,1,2,3,4,7839,7839,0,1,0
12,8,Difficult,1,2,7,3,7986,7986,0,0,0
12,3,Easy,0,2,2,2,8169,8169,1,0,0
12,6,Difficult,1,2,3,4,12282,12282,0,1,0
12,4,Difficult,1,2,2,4,12896,12896,0,1,0
12,1,Easy,0,2,1,7,13038,13038,0,0,0
12,1,Easy,0,2,1,7,21063,21063,0,1,0
12,7,Easy,0,2,6,2,21612,21612,0,0,0
12,6,Difficult,1,2,4,4,21779,21779,0,1,0
12,7,Easy,0,2,5,2,30410,30410,0,1,0
13,1,Difficult,1,1,1,7,3485,3485,1,1,1
13,4,Easy,0,1,2,4,3539,3539,0,1,0
13,1,Difficult,1,1,1,7,4031,4031,0,1,0
13,4,Easy,0,1,2,4,4185,4185,0,1,0
13,2,Easy,0,1,2,4,4847,4847,1,1,0
13,1,Difficult,1,1,1,7,5825,5825,1,1,1
13,1,Difficult,1,1,1,7,5861,5861,0,1,0
13,6,Easy,0,1,3,4,6347,6347,0,1,0
13,4,Easy,0,1,2,4,6458,6458,0,1,0
13,1,Difficult,1,1,1,7,7021,7021,0,1,0
13,6,Easy,0,1,3,4,7716,7716,0,1,0
13,5,Difficult,1,1,2,5,8528,8528,0,1,0
13,2,Easy,0,1,1,4,8579,8579,0,1,0
13,8,Easy,0,1,1,4,8859,8859,1,1,0
13,3,Difficult,1,1,2,4,9723,9723,1,0,1
13,8,Easy,0,1,7,4,9854,9854,0,0,0
13,1,Difficult,1,1,1,7,9957,9957,0,0,0
13,3,Difficult,1,1,2,4,10241,10241,0,1,0
13,5,Difficult,1,1,3,5,10934,10934,1,0,1
13,4,Easy,0,1,2,4,13105,13105,0,1,0
13,1,Difficult,1,1,1,7,13344,13344,1,1,1
13,8,Easy,0,1,2,4,14617,14617,0,1,0
13,6,Easy,0,1,3,4,14793,14793,0,0,0
13,6,Easy,0,1,4,4,20244,20244,0,1,0
13,5,Difficult,1,1,3,5,23427,23427,0,1,0
13,7,Difficult,1,1,5,4,34143,34143,1,1,1
13,7,Difficult,1,1,6,4,53219,37427,0,0,0
14,2,Difficult,1,2,1,2,3174,3174,0,0,0
14,4,Difficult,1,2,2,4,3850,3850,0,1,0
14,5,Easy,0,2,2,3,4040,4040,0,0,0
14,1,Easy,0,2,1,7,6270,6270,0,0,0
14,6,Difficult,1,2,4,4,6496,6496,0,1,0
14,1,Easy,0,2,1,7,6910,6910,0,1,0
14,1,Easy,0,2,1,7,6984,6984,0,0,0
14,1,Easy,0,2,1,7,7058,7058,1,0,0
14,3,Easy,0,2,2,2,7095,7095,1,0,0
14,4,Difficult,1,2,2,4,7119,7119,0,0,0
14,4,Difficult,1,2,2,4,7433,7433,0,0,0
14,5,Easy,0,2,3,3,7482,7482,1,1,0
14,8,Difficult,1,2,1,3,7926,7926,0,1,0
14,6,Difficult,1,2,3,4,8624,8624,1,0,1
14,1,Easy,0,2,1,7,8919,8919,0,0,0
14,5,Easy,0,2,3,3,9073,9073,1,1,0
14,6,Difficult,1,2,3,4,9103,9103,0,0,0
14,2,Difficult,1,2,2,2,10086,10086,1,1,1
14,1,Easy,0,2,1,7,10683,10683,0,0,0
14,8,Difficult,1,2,2,3,11242,11242,0,0,0
14,4,Difficult,1,2,2,4,12282,12282,0,1,0
14,7,Easy,0,2,5,2,14918,14918,0,1,0
14,1,Easy,0,2,1,7,15696,15696,1,1,0
14,6,Difficult,1,2,3,4,16411,16411,0,1,0
14,8,Difficult,1,2,7,3,17983,17983,0,0,0
14,3,Easy,0,2,2,2,18872,18872,0,0,0
14,7,Easy,0,2,6,2,25336,25336,0,0,0
42,1,Easy,0,2,1,7,4126,4126,0,0,0
42,4,Difficult,1,2,2,4,4336,4336,0,1,0
42,1,Easy,0,2,1,7,4666,4666,1,1,0
42,1,Easy,0,2,1,7,4914,4914,1,1,0
42,3,Easy,0,2,2,2,4967,4967,1,1,0
42,5,Easy,0,2,2,3,5917,5917,0,0,0
42,1,Easy,0,2,1,7,6008,6008,1,0,0
42,2,Difficult,1,2,2,2,6255,6255,1,0,1
42,1,Easy,0,2,1,7,6725,6725,0,1,0
42,1,Easy,0,2,1,7,6868,6868,0,0,0
42,4,Difficult,1,2,2,4,7476,7476,0,0,0
42,6,Difficult,1,2,3,4,7560,7560,0,0,0
42,8,Difficult,1,2,7,3,7836,7836,0,0,0
42,5,Easy,0,2,3,3,8173,8173,1,1,0
42,6,Difficult,1,2,3,4,8728,8728,0,0,0
42,4,Difficult,1,2,2,4,10739,10739,0,0,0
42,4,Difficult,1,2,2,4,11193,11193,0,0,0
42,3,Easy,0,2,2,2,11317,11317,0,1,0
42,8,Difficult,1,2,2,3,11440,11440,0,1,0
42,6,Difficult,1,2,3,4,11987,11987,0,0,0
42,2,Difficult,1,2,1,2,12849,12849,0,0,0
42,5,Easy,0,2,3,3,12983,12983,1,0,0
42,1,Easy,0,2,1,7,13016,13016,0,0,0
42,8,Difficult,1,2,1,3,14102,14102,1,1,1
42,7,Easy,0,2,6,2,15663,15663,0,0,0
42,7,Easy,0,2,5,2,18943,18943,0,1,0
42,6,Difficult,1,2,4,4,20806,20806,0,1,0
51,1,Difficult,1,1,1,7,2891,2891,0,1,0
51,2,Easy,0,1,2,4,3083,3083,1,1,0
51,4,Easy,0,1,2,4,3306,3306,1,1,0
51,3,Difficult,1,1,2,4,3754,3754,1,1,1
51,5,Difficult,1,1,3,5,3998,3998,1,1,1
51,2,Easy,0,1,1,4,4129,4129,0,1,0
51,1,Difficult,1,1,1,7,4484,4484,1,0,1
51,1,Difficult,1,1,1,7,4834,4834,0,1,0
51,4,Easy,0,1,2,4,4881,4881,1,1,0
51,1,Difficult,1,1,1,7,5151,5151,0,1,0
51,5,Difficult,1,1,3,5,5215,5215,1,1,1
51,8,Easy,0,1,1,4,5630,5630,1,1,0
51,8,Easy,0,1,2,4,6169,6169,0,1,0
51,6,Easy,0,1,3,4,6387,6387,0,1,0
51,4,Easy,0,1,2,4,6532,6532,1,0,0
51,6,Easy,0,1,3,4,6918,6918,0,1,0
51,7,Difficult,1,1,5,4,7502,7502,1,1,1
51,1,Difficult,1,1,1,7,7578,7578,0,1,0
51,1,Difficult,1,1,1,7,7890,7890,0,1,0
51,5,Difficult,1,1,2,5,7961,7961,0,1,0
51,1,Difficult,1,1,1,7,8237,8237,0,1,0
51,6,Easy,0,1,3,4,9180,9180,0,0,0
51,4,Easy,0,1,2,4,10292,10292,0,1,0
51,8,Easy,0,1,7,4,15979,15979,0,0,0
51,6,Easy,0,1,4,4,23688,23688,0,1,0
51,3,Difficult,1,1,2,4,24014,24014,1,0,1
51,7,Difficult,1,1,6,4,28745,28745,1,0,1
53,1,Difficult,1,1,1,7,104,2620,1,0,1
53,1,Difficult,1,1,1,7,3547,3547,0,1,0
53,1,Difficult,1,1,1,7,4795,4795,0,1,0
53,1,Difficult,1,1,1,7,4994,4994,1,0,1
53,4,Easy,0,1,2,4,5453,5453,0,1,0
53,3,Difficult,1,1,2,4,5518,5518,1,1,1
53,5,Difficult,1,1,2,5,5784,5784,0,0,0
53,2,Easy,0,1,2,4,5824,5824,1,1,0
53,1,Difficult,1,1,1,7,5893,5893,0,1,0
53,1,Difficult,1,1,1,7,5996,5996,1,0,1
53,4,Easy,0,1,2,4,6187,6187,1,0,0
53,4,Easy,0,1,2,4,6589,6589,0,0,0
53,6,Easy,0,1,3,4,6613,6613,1,1,0
53,4,Easy,0,1,2,4,7262,7262,1,1,0
53,6,Easy,0,1,3,4,7270,7270,1,1,0
53,8,Easy,0,1,1,4,7352,7352,1,1,0
53,6,Easy,0,1,4,4,7471,7471,0,1,0
53,1,Difficult,1,1,1,7,7723,7723,0,0,0
53,8,Easy,0,1,2,4,8635,8635,1,1,0
53,3,Difficult,1,1,2,4,10315,10315,1,0,1
53,2,Easy,0,1,1,4,11003,11003,0,1,0
53,6,Easy,0,1,3,4,11968,11968,1,1,0
53,8,Easy,0,1,7,4,12048,12048,0,0,0
53,5,Difficult,1,1,3,5,12262,12262,1,1,1
53,7,Difficult,1,1,5,4,14140,14140,0,1,0
53,5,Difficult,1,1,3,5,15603,15603,1,0,1
53,7,Difficult,1,1,6,4,22575,22575,1,0,1
57,2,Easy,0,1,1,4,1331,2620,0,0,0
57,4,Easy,0,1,2,4,2545,2620,1,1,0
57,8,Easy,0,1,1,4,2681,2681,1,0,0
57,5,Difficult,1,1,3,5,4662,4662,1,1,1
57,1,Difficult,1,1,1,7,5349,5349,1,0,1
57,1,Difficult,1,1,1,7,5803,5803,0,1,0
57,1,Difficult,1,1,1,7,5916,5916,0,0,0
57,6,Easy,0,1,3,4,6097,6097,0,1,0
57,5,Difficult,1,1,2,5,6338,6338,0,0,0
57,1,Difficult,1,1,1,7,6405,6405,0,0,0
57,4,Easy,0,1,2,4,6578,6578,0,1,0
57,4,Easy,0,1,2,4,6662,6662,1,0,0
57,6,Easy,0,1,3,4,6693,6693,0,1,0
57,1,Difficult,1,1,1,7,6981,6981,0,1,0
57,6,Easy,0,1,3,4,6994,6994,0,0,0
57,8,Easy,0,1,2,4,7453,7453,0,0,0
57,5,Difficult,1,1,3,5,7538,7538,1,0,1
57,3,Difficult,1,1,2,4,7598,7598,1,0,1
57,2,Easy,0,1,2,4,7708,7708,1,1,0
57,4,Easy,0,1,2,4,7883,7883,0,1,0
57,1,Difficult,1,1,1,7,8116,8116,0,1,0
57,7,Difficult,1,1,5,4,8319,8319,1,1,1
57,7,Difficult,1,1,6,4,9239,9239,0,0,0
57,3,Difficult,1,1,2,4,9606,9606,1,0,1
57,1,Difficult,1,1,1,7,10199,10199,0,1,0
57,6,Easy,0,1,4,4,11259,11259,0,1,0
57,8,Easy,0,1,7,4,13620,13620,0,0,0
60,1,Easy,0,2,1,7,4579,4579,1,1,0
60,1,Easy,0,2,1,7,4692,4692,0,1,0
60,1,Easy,0,2,1,7,4729,4729,1,0,0
60,2,Difficult,1,2,2,2,4904,4904,1,1,1
60,4,Difficult,1,2,2,4,5380,5380,1,0,1
60,6,Difficult,1,2,3,4,5793,5793,0,1,0
60,1,Easy,0,2,1,7,5980,5980,1,1,0
60,5,Easy,0,2,2,3,6387,6387,0,1,0
60,4,Difficult,1,2,2,4,6668,6668,1,0,1
60,5,Easy,0,2,3,3,7311,7311,1,0,0
60,1,Easy,0,2,1,7,7464,7464,0,1,0
60,1,Easy,0,2,1,7,8083,8083,1,0,0
60,4,Difficult,1,2,2,4,8117,8117,0,1,0
60,3,Easy,0,2,2,2,8124,8124,1,0,0
60,3,Easy,0,2,2,2,8368,8368,1,1,0
60,4,Difficult,1,2,2,4,8412,8412,1,1,1
60,7,Easy,0,2,6,2,8477,8477,1,0,0
60,6,Difficult,1,2,3,4,8586,8586,0,1,0
60,6,Difficult,1,2,4,4,8731,8731,0,1,0
60,8,Difficult,1,2,1,3,8944,8944,1,1,1
60,1,Easy,0,2,1,7,9123,9123,0,1,0
60,2,Difficult,1,2,1,2,10722,10722,0,1,0
60,8,Difficult,1,2,7,3,10737,10737,0,0,0
60,7,Easy,0,2,5,2,11040,11040,0,1,0
60,8,Difficult,1,2,2,3,13171,13171,1,1,1
60,6,Difficult,1,2,3,4,18750,18750,0,0,0
60,5,Easy,0,2,3,3,22679,22679,0,1,0
61,1,Difficult,1,1,1,7,3867,3867,1,1,1
61,1,Difficult,1,1,1,7,4111,4111,1,1,1
61,1,Difficult,1,1,1,7,4512,4512,1,1,1
61,1,Difficult,1,1,1,7,4635,4635,0,1,0
61,1,Difficult,1,1,1,7,4842,4842,1,0,1
61,1,Difficult,1,1,1,7,4987,4987,0,1,0
61,7,Difficult,1,1,6,4,5144,5144,0,0,0
61,4,Easy,0,1,2,4,5208,5208,1,1,0
61,4,Easy,0,1,2,4,5304,5304,1,0,0
61,1,Difficult,1,1,1,7,5334,5334,1,1,1
61,3,Difficult,1,1,2,4,5828,5828,1,1,1
61,4,Easy,0,1,2,4,6468,6468,1,0,0
61,6,Easy,0,1,3,4,6553,6553,1,1,0
61,5,Difficult,1,1,2,5,7051,7051,0,1,0
61,8,Easy,0,1,7,4,7057,7057,1,0,0
61,2,Easy,0,1,1,4,7151,7151,0,0,0
61,6,Easy,0,1,3,4,7415,7415,0,1,0
61,4,Easy,0,1,2,4,7457,7457,1,0,0
61,6,Easy,0,1,3,4,7778,7778,1,0,0
61,3,Difficult,1,1,2,4,7934,7934,1,0,1
61,6,Easy,0,1,4,4,8395,8395,0,1,0
61,2,Easy,0,1,2,4,9340,9340,1,1,0
61,7,Difficult,1,1,5,4,9690,9690,0,1,0
61,8,Easy,0,1,1,4,9749,9749,1,1,0
61,8,Easy,0,1,2,4,9774,9774,1,0,0
61,5,Difficult,1,1,3,5,10804,10804,1,0,1
61,5,Difficult,1,1,3,5,15347,15347,1,1,1
64,1,Easy,0,2,1,7,4381,4381,0,1,0
64,3,Easy,0,2,2,2,5443,5443,1,1,0
64,1,Easy,0,2,1,7,6377,6377,0,1,0
64,7,Easy,0,2,5,2,6618,6618,1,1,0
64,7,Easy,0,2,6,2,6834,6834,0,0,0
64,4,Difficult,1,2,2,4,6908,6908,0,0,0
64,5,Easy,0,2,2,3,7258,7258,0,0,0
64,1,Easy,0,2,1,7,9339,9339,1,1,0
64,8,Difficult,1,2,7,3,9691,9691,0,0,0
64,4,Difficult,1,2,2,4,10262,10262,1,1,1
64,6,Difficult,1,2,3,4,10741,10741,0,1,0
64,1,Easy,0,2,1,7,11753,11753,0,0,0
64,6,Difficult,1,2,3,4,12118,12118,0,1,0
64,5,Easy,0,2,3,3,12221,12221,1,1,0
64,1,Easy,0,2,1,7,12913,12913,0,1,0
64,8,Difficult,1,2,2,3,12953,12953,0,0,0
64,4,Difficult,1,2,2,4,14167,14167,1,1,1
64,5,Easy,0,2,3,3,14362,14362,1,0,0
64,3,Easy,0,2,2,2,14401,14401,1,0,0
64,2,Difficult,1,2,1,2,15185,15185,0,0,0
64,1,Easy,0,2,1,7,15485,15485,0,1,0
64,1,Easy,0,2,1,7,17122,17122,0,1,0
64,4,Difficult,1,2,2,4,19859,19859,1,1,1
64,6,Difficult,1,2,3,4,20328,20328,1,0,1
64,6,Difficult,1,2,4,4,21456,21456,0,1,0
64,8,Difficult,1,2,1,3,25417,25417,1,0,1
64,2,Difficult,1,2,2,2,34841,34841,1,1,1
65,1,Difficult,1,1,1,7,3859,3859,0,1,0
65,3,Difficult,1,1,2,4,4202,4202,1,1,1
65,2,Easy,0,1,2,4,4245,4245,1,1,0
65,3,Difficult,1,1,2,4,4282,4282,1,0,1
65,4,Easy,0,1,2,4,4747,4747,1,0,0
65,5,Difficult,1,1,3,5,4908,4908,0,1,0
65,2,Easy,0,1,1,4,6427,6427,0,0,0
65,1,Difficult,1,1,1,7,6471,6471,1,1,1
65,4,Easy,0,1,2,4,6513,6513,1,1,0
65,8,Easy,0,1,1,4,6767,6767,1,1,0
65,1,Difficult,1,1,1,7,7077,7077,0,0,0
65,1,Difficult,1,1,1,7,7541,7541,1,0,1
65,5,Difficult,1,1,3,5,7882,7882,1,0,1
65,8,Easy,0,1,2,4,8272,8272,1,1,0
65,7,Difficult,1,1,5,4,8349,8349,1,1,1
65,1,Difficult,1,1,1,7,8917,8917,0,0,0
65,6,Easy,0,1,3,4,9430,9430,0,0,0
65,8,Easy,0,1,7,4,10167,10167,1,0,0
65,6,Easy,0,1,3,4,10910,10910,0,1,0
65,4,Easy,0,1,2,4,11202,11202,0,1,0
65,4,Easy,0,1,2,4,11901,11901,1,0,0
65,6,Easy,0,1,4,4,13058,13058,1,1,0
65,6,Easy,0,1,3,4,13419,13419,0,0,0
65,1,Difficult,1,1,1,7,14485,14485,1,1,1
65,5,Difficult,1,1,2,5,14502,14502,0,1,0
65,1,Difficult,1,1,1,7,17486,17486,0,0,0
65,7,Difficult,1,1,6,4,27885,27885,0,0,0
66,1,Easy,0,2,1,7,5272,5272,0,1,0
66,4,Difficult,1,2,2,4,5272,5272,0,1,0
66,1,Easy,0,2,1,7,5514,5514,1,1,0
66,1,Easy,0,2,1,7,5547,5547,0,1,0
66,6,Difficult,1,2,4,4,5731,5731,0,1,0
66,3,Easy,0,2,2,2,6808,6808,1,1,0
66,1,Easy,0,2,1,7,7182,7182,0,1,0
66,8,Difficult,1,2,7,3,8427,8427,0,0,0
66,1,Easy,0,2,1,7,8899,8899,0,0,0
66,1,Easy,0,2,1,7,9439,9439,1,0,0
66,3,Easy,0,2,2,2,9948,9948,1,1,0
66,5,Easy,0,2,2,3,10149,10149,0,1,0
66,6,Difficult,1,2,3,4,11203,11203,1,1,1
66,2,Difficult,1,2,1,2,12150,12150,0,1,0
66,1,Easy,0,2,1,7,12152,12152,0,1,0
66,6,Difficult,1,2,3,4,12347,12347,0,1,0
66,4,Difficult,1,2,2,4,12579,12579,0,1,0
66,6,Difficult,1,2,3,4,12975,12975,0,1,0
66,4,Difficult,1,2,2,4,15969,15969,1,1,1
66,4,Difficult,1,2,2,4,16061,16061,0,0,0
66,5,Easy,0,2,3,3,21002,21002,1,0,0
66,8,Difficult,1,2,2,3,21441,21441,0,0,0
66,7,Easy,0,2,6,2,23295,23295,1,0,0
66,2,Difficult,1,2,2,2,25583,25583,1,0,1
66,8,Difficult,1,2,1,3,25733,25733,1,0,1
66,7,Easy,0,2,5,2,32064,32064,1,1,0
66,5,Easy,0,2,3,3,42689,37427,1,1,0
69,3,Difficult,1,1,2,4,2707,2707,1,0,1
69,7,Difficult,1,1,5,4,4639,4639,0,1,0
69,4,Easy,0,1,2,4,5026,5026,0,1,0
69,1,Difficult,1,1,1,7,5554,5554,1,1,1
69,1,Difficult,1,1,1,7,7508,7508,0,0,0
69,2,Easy,0,1,1,4,8848,8848,0,0,0
69,4,Easy,0,1,2,4,9306,9306,1,0,0
69,2,Easy,0,1,2,4,9362,9362,1,1,0
69,8,Easy,0,1,7,4,9492,9492,1,0,0
69,1,Difficult,1,1,1,7,9498,9498,1,1,1
69,6,Easy,0,1,3,4,10697,10697,0,1,0
69,1,Difficult,1,1,1,7,11516,11516,0,1,0
69,6,Easy,0,1,3,4,12794,12794,1,0,0
69,4,Easy,0,1,2,4,13122,13122,0,0,0
69,6,Easy,0,1,4,4,14322,14322,0,1,0
69,4,Easy,0,1,2,4,15735,15735,0,1,0
69,5,Difficult,1,1,3,5,15811,15811,1,0,1
69,5,Difficult,1,1,2,5,16096,16096,0,0,0
69,5,Difficult,1,1,3,5,17644,17644,1,0,1
69,8,Easy,0,1,1,4,17776,17776,1,1,0
69,7,Difficult,1,1,6,4,18268,18268,0,0,0
69,1,Difficult,1,1,1,7,18277,18277,1,0,1
69,8,Easy,0,1,2,4,20507,20507,0,1,0
69,1,Difficult,1,1,1,7,21687,21687,0,1,0
69,6,Easy,0,1,3,4,27655,27655,0,1,0
69,1,Difficult,1,1,1,7,30349,30349,1,1,1
69,3,Difficult,1,1,2,4,32189,32189,1,1,1
70,4,Difficult,1,2,2,4,6336,6336,0,1,0
70,1,Easy,0,2,1,7,6451,6451,1,0,0
70,6,Difficult,1,2,3,4,6627,6627,0,1,0
70,1,Easy,0,2,1,7,7213,7213,1,1,0
70,1,Easy,0,2,1,7,7790,7790,0,1,0
70,7,Easy,0,2,5,2,8273,8273,1,1,0
70,4,Difficult,1,2,2,4,9072,9072,1,1,1
70,4,Difficult,1,2,2,4,9596,9596,0,1,0
70,5,Easy,0,2,2,3,10233,10233,0,1,0
70,3,Easy,0,2,2,2,10547,10547,1,1,0
70,5,Easy,0,2,3,3,10732,10732,1,0,0
70,2,Difficult,1,2,1,2,10935,10935,0,0,0
70,4,Difficult,1,2,2,4,11280,11280,0,1,0
70,2,Difficult,1,2,2,2,11567,11567,1,1,1
70,6,Difficult,1,2,3,4,11833,11833,0,1,0
70,8,Difficult,1,2,1,3,12286,12286,1,1,1
70,6,Difficult,1,2,4,4,12802,12802,1,1,1
70,1,Easy,0,2,1,7,13300,13300,0,1,0
70,8,Difficult,1,2,7,3,13796,13796,1,0,1
70,8,Difficult,1,2,2,3,13882,13882,0,1,0
70,3,Easy,0,2,2,2,13900,13900,1,1,0
70,6,Difficult,1,2,3,4,14434,14434,0,1,0
70,7,Easy,0,2,6,2,14977,14977,0,0,0
70,1,Easy,0,2,1,7,16976,16976,0,1,0
70,1,Easy,0,2,1,7,18101,18101,1,0,0
70,5,Easy,0,2,3,3,23734,23734,1,0,0
70,1,Easy,0,2,1,7,31486,31486,0,1,0
72,4,Difficult,1,2,2,4,5472,5472,0,1,0
72,2,Difficult,1,2,1,2,6347,6347,0,1,0
72,1,Easy,0,2,1,7,6554,6554,1,0,0
72,3,Easy,0,2,2,2,6932,6932,1,0,0
72,6,Difficult,1,2,3,4,7257,7257,0,1,0
72,4,Difficult,1,2,2,4,8047,8047,0,0,0
72,1,Easy,0,2,1,7,8213,8213,0,1,0
72,7,Easy,0,2,6,2,8775,8775,0,0,0
72,5,Easy,0,2,2,3,8931,8931,0,0,0
72,4,Difficult,1,2,2,4,9069,9069,1,1,1
72,1,Easy,0,2,1,7,9233,9233,1,0,0
72,4,Difficult,1,2,2,4,9768,9768,0,1,0
72,6,Difficult,1,2,3,4,9935,9935,1,1,1
72,1,Easy,0,2,1,7,10016,10016,0,1,0
72,3,Easy,0,2,2,2,10693,10693,1,0,0
72,7,Easy,0,2,5,2,11108,11108,0,1,0
72,1,Easy,0,2,1,7,12025,12025,0,0,0
72,1,Easy,0,2,1,7,12334,12334,0,0,0
72,8,Difficult,1,2,7,3,12871,12871,0,0,0
72,5,Easy,0,2,3,3,14125,14125,1,1,0
72,2,Difficult,1,2,2,2,15989,15989,1,0,1
72,1,Easy,0,2,1,7,16067,16067,1,0,0
72,6,Difficult,1,2,3,4,16544,16544,0,0,0
72,8,Difficult,1,2,2,3,16934,16934,0,0,0
72,5,Easy,0,2,3,3,20723,20723,1,0,0
72,6,Difficult,1,2,4,4,22210,22210,0,1,0
72,8,Difficult,1,2,1,3,24738,24738,1,1,1
74,1,Easy,0,2,1,7,3861,3861,0,1,0
74,5,Easy,0,2,2,3,4099,4099,0,1,0
74,7,Easy,0,2,5,2,4145,4145,0,1,0
74,4,Difficult,1,2,2,4,4318,4318,0,1,0
74,1,Easy,0,2,1,7,4698,4698,1,0,0
74,1,Easy,0,2,1,7,5300,5300,1,0,0
74,6,Difficult,1,2,4,4,5369,5369,0,1,0
74,5,Easy,0,2,3,3,5470,5470,1,0,0
74,3,Easy,0,2,2,2,6067,6067,1,1,0
74,5,Easy,0,2,3,3,6704,6704,1,0,0
74,4,Difficult,1,2,2,4,7141,7141,0,0,0
74,2,Difficult,1,2,1,2,7310,7310,0,1,0
74,1,Easy,0,2,1,7,8045,8045,0,0,0
74,4,Difficult,1,2,2,4,8721,8721,0,0,0
74,4,Difficult,1,2,2,4,9107,9107,1,1,1
74,3,Easy,0,2,2,2,9419,9419,1,0,0
74,6,Difficult,1,2,3,4,9851,9851,0,1,0
74,6,Difficult,1,2,3,4,10097,10097,0,1,0
74,8,Difficult,1,2,1,3,11069,11069,0,0,0
74,2,Difficult,1,2,2,2,12117,12117,1,1,1
74,6,Difficult,1,2,3,4,14409,14409,1,0,1
74,8,Difficult,1,2,2,3,14435,14435,0,0,0
74,8,Difficult,1,2,7,3,14847,14847,1,0,1
74,1,Easy,0,2,1,7,16651,16651,0,0,0
74,1,Easy,0,2,1,7,18739,18739,1,1,0
74,1,Easy,0,2,1,7,22722,22722,1,0,0
74,7,Easy,0,2,6,2,23120,23120,0,0,0
75,3,Difficult,1,1,2,4,2432,2620,1,1,1
75,2,Easy,0,1,2,4,4146,4146,1,1,0
75,1,Difficult,1,1,1,7,4282,4282,0,1,0
75,1,Difficult,1,1,1,7,4838,4838,0,1,0
75,4,Easy,0,1,2,4,4838,4838,0,1,0
75,2,Easy,0,1,1,4,5035,5035,0,0,0
75,6,Easy,0,1,4,4,5616,5616,1,1,0
75,1,Difficult,1,1,1,7,5634,5634,1,0,1
75,1,Difficult,1,1,1,7,5756,5756,0,1,0
75,3,Difficult,1,1,2,4,6140,6140,1,0,1
75,5,Difficult,1,1,2,5,6236,6236,0,1,0
75,8,Easy,0,1,7,4,6944,6944,0,0,0
75,8,Easy,0,1,1,4,7288,7288,1,1,0
75,4,Easy,0,1,2,4,7713,7713,0,0,0
75,4,Easy,0,1,2,4,7908,7908,0,1,0
75,4,Easy,0,1,2,4,7998,7998,0,1,0
75,6,Easy,0,1,3,4,8069,8069,0,1,0
75,5,Difficult,1,1,3,5,8770,8770,1,0,1
75,6,Easy,0,1,3,4,8812,8812,0,1,0
75,1,Difficult,1,1,1,7,14067,14067,0,0,0
75,8,Easy,0,1,2,4,14465,14465,1,0,0
75,7,Difficult,1,1,5,4,15058,15058,1,1,1
75,5,Difficult,1,1,3,5,16686,16686,1,0,1
75,1,Difficult,1,1,1,7,17781,17781,0,0,0
75,7,Difficult,1,1,6,4,18851,18851,0,0,0
75,1,Difficult,1,1,1,7,20279,20279,1,1,1
75,6,Easy,0,1,3,4,32143,32143,0,1,0
76,1,Easy,0,2,1,7,4120,4120,0,1,0
76,1,Easy,0,2,1,7,4596,4596,0,1,0
76,5,Easy,0,2,3,3,5001,5001,0,1,0
76,1,Easy,0,2,1,7,5395,5395,1,1,0
76,4,Difficult,1,2,2,4,5994,5994,1,1,1
76,5,Easy,0,2,2,3,6160,6160,0,1,0
76,1,Easy,0,2,1,7,6330,6330,0,1,0
76,8,Difficult,1,2,1,3,6853,6853,1,1,1
76,4,Difficult,1,2,2,4,7500,7500,0,0,0
76,4,Difficult,1,2,2,4,7695,7695,0,0,0
76,8,Difficult,1,2,2,3,8258,8258,1,1,1
76,3,Easy,0,2,2,2,8292,8292,1,0,0
76,6,Difficult,1,2,3,4,8300,8300,0,0,0
76,1,Easy,0,2,1,7,8307,8307,0,0,0
76,2,Difficult,1,2,1,2,8489,8489,0,0,0
76,6,Difficult,1,2,3,4,8870,8870,0,1,0
76,2,Difficult,1,2,2,2,9974,9974,1,1,1
76,3,Easy,0,2,2,2,9980,9980,1,0,0
76,1,Easy,0,2,1,7,10023,10023,0,0,0
76,6,Difficult,1,2,4,4,10303,10303,0,1,0
76,7,Easy,0,2,6,2,10455,10455,0,0,0
76,6,Difficult,1,2,3,4,11038,11038,0,1,0
76,8,Difficult,1,2,7,3,12379,12379,0,0,0
76,7,Easy,0,2,5,2,13824,13824,0,1,0
76,1,Easy,0,2,1,7,13911,13911,1,1,0
76,4,Difficult,1,2,2,4,14195,14195,0,1,0
76,5,Easy,0,2,3,3,17932,17932,1,0,0
80,5,Easy,0,2,2,3,3036,3036,0,1,0
80,1,Easy,0,2,1,7,3506,3506,1,1,0
80,1,Easy,0,2,1,7,4305,4305,1,0,0
80,1,Easy,0,2,1,7,4709,4709,1,1,0
80,4,Difficult,1,2,2,4,5022,5022,0,1,0
80,4,Difficult,1,2,2,4,5696,5696,1,1,1
80,3,Easy,0,2,2,2,5832,5832,1,1,0
80,2,Difficult,1,2,2,2,6757,6757,1,1,1
80,7,Easy,0,2,6,2,6778,6778,0,0,0
80,3,Easy,0,2,2,2,7421,7421,1,1,0
80,6,Difficult,1,2,4,4,7440,7440,1,1,1
80,8,Difficult,1,2,1,3,7614,7614,1,1,1
80,6,Difficult,1,2,3,4,8182,8182,0,1,0
80,4,Difficult,1,2,2,4,8264,8264,0,1,0
80,1,Easy,0,2,1,7,8541,8541,0,1,0
80,6,Difficult,1,2,3,4,8735,8735,1,1,1
80,6,Difficult,1,2,3,4,9012,9012,0,0,0
80,1,Easy,0,2,1,7,9253,9253,0,1,0
80,1,Easy,0,2,1,7,10086,10086,1,0,0
80,2,Difficult,1,2,1,2,11609,11609,0,1,0
80,1,Easy,0,2,1,7,11831,11831,1,1,0
80,5,Easy,0,2,3,3,12544,12544,1,1,0
80,4,Difficult,1,2,2,4,14230,14230,0,1,0
80,5,Easy,0,2,3,3,15005,15005,1,0,0
80,7,Easy,0,2,5,2,15302,15302,1,1,0
80,8,Difficult,1,2,2,3,15668,15668,0,1,0
80,8,Difficult,1,2,7,3,16709,16709,1,0,1
81,1,Difficult,1,1,1,7,4000,4000,1,1,1
81,2,Easy,0,1,2,4,4019,4019,1,1,0
81,4,Easy,0,1,2,4,4052,4052,0,1,0
81,4,Easy,0,1,2,4,4730,4730,0,1,0
81,1,Difficult,1,1,1,7,4820,4820,1,1,1
81,1,Difficult,1,1,1,7,4928,4928,0,1,0
81,7,Difficult,1,1,5,4,5256,5256,0,1,0
81,4,Easy,0,1,2,4,5262,5262,0,1,0
81,6,Easy,0,1,3,4,5744,5744,0,1,0
81,2,Easy,0,1,1,4,5807,5807,0,1,0
81,5,Difficult,1,1,2,5,5876,5876,0,1,0
81,3,Difficult,1,1,2,4,6006,6006,1,1,1
81,6,Easy,0,1,3,4,7131,7131,0,1,0
81,1,Difficult,1,1,1,7,7187,7187,0,1,0
81,8,Easy,0,1,1,4,9446,9446,1,1,0
81,5,Difficult,1,1,3,5,10072,10072,1,0,1
81,8,Easy,0,1,2,4,10124,10124,0,1,0
81,5,Difficult,1,1,3,5,10265,10265,0,1,0
81,4,Easy,0,1,2,4,10517,10517,0,1,0
81,6,Easy,0,1,4,4,11102,11102,0,1,0
81,7,Difficult,1,1,6,4,12074,12074,0,0,0
81,1,Difficult,1,1,1,7,12140,12140,0,1,0
81,1,Difficult,1,1,1,7,12829,12829,0,1,0
81,3,Difficult,1,1,2,4,15074,15074,1,0,1
81,8,Easy,0,1,7,4,15624,15624,0,0,0
81,1,Difficult,1,1,1,7,16827,16827,0,1,0
81,6,Easy,0,1,3,4,41175,37427,0,1,0
87,5,Difficult,1,1,2,5,3420,3420,0,1,0
87,1,Difficult,1,1,1,7,4418,4418,0,0,0
87,4,Easy,0,1,2,4,5417,5417,0,1,0
87,1,Difficult,1,1,1,7,5829,5829,0,1,0
87,5,Difficult,1,1,3,5,6231,6231,1,1,1
87,6,Easy,0,1,3,4,6454,6454,0,1,0
87,4,Easy,0,1,2,4,6531,6531,0,1,0
87,1,Difficult,1,1,1,7,7167,7167,1,1,1
87,7,Difficult,1,1,5,4,8218,8218,0,1,0
87,7,Difficult,1,1,6,4,8614,8614,0,0,0
87,2,Easy,0,1,1,4,9430,9430,0,1,0
87,3,Difficult,1,1,2,4,10049,10049,1,1,1
87,8,Easy,0,1,1,4,10064,10064,0,1,0
87,3,Difficult,1,1,2,4,11275,11275,1,0,1
87,1,Difficult,1,1,1,7,11763,11763,0,1,0
87,6,Easy,0,1,3,4,12048,12048,0,1,0
87,1,Difficult,1,1,1,7,12632,12632,0,0,0
87,8,Easy,0,1,2,4,13325,13325,0,1,0
87,6,Easy,0,1,4,4,16702,16702,0,1,0
87,2,Easy,0,1,2,4,17678,17678,1,0,0
87,1,Difficult,1,1,1,7,18191,18191,0,1,0
87,6,Easy,0,1,3,4,18793,18793,0,0,0
87,5,Difficult,1,1,3,5,20775,20775,0,1,0
87,4,Easy,0,1,2,4,23041,23041,0,1,0
87,1,Difficult,1,1,1,7,24088,24088,0,1,0
87,8,Easy,0,1,7,4,36860,36860,0,0,0
87,4,Easy,0,1,2,4,40502,37427,0,1,0
89,3,Difficult,1,1,2,4,3782,3782,1,1,1
89,2,Easy,0,1,2,4,3988,3988,1,1,0
89,5,Difficult,1,1,2,5,4623,4623,0,1,0
89,2,Easy,0,1,1,4,4891,4891,0,1,0
89,4,Easy,0,1,2,4,5040,5040,0,1,0
89,1,Difficult,1,1,1,7,5152,5152,1,1,1
89,3,Difficult,1,1,2,4,5385,5385,1,1,1
89,1,Difficult,1,1,1,7,5434,5434,0,0,0
89,6,Easy,0,1,3,4,5770,5770,1,1,0
89,1,Difficult,1,1,1,7,5934,5934,1,1,1
89,4,Easy,0,1,2,4,6239,6239,1,1,0
89,8,Easy,0,1,1,4,6253,6253,1,1,0
89,1,Difficult,1,1,1,7,7432,7432,0,1,0
89,1,Difficult,1,1,1,7,7827,7827,0,1,0
89,5,Difficult,1,1,3,5,9029,9029,1,1,1
89,4,Easy,0,1,2,4,9246,9246,1,0,0
89,8,Easy,0,1,2,4,9749,9749,0,1,0
89,4,Easy,0,1,2,4,10049,10049,0,1,0
89,5,Difficult,1,1,3,5,12177,12177,1,0,1
89,6,Easy,0,1,3,4,12692,12692,1,0,0
89,1,Difficult,1,1,1,7,12756,12756,0,1,0
89,7,Difficult,1,1,6,4,13893,13893,0,0,0
89,7,Difficult,1,1,5,4,13910,13910,1,1,1
89,1,Difficult,1,1,1,7,17418,17418,1,1,1
89,6,Easy,0,1,3,4,17709,17709,0,1,0
89,6,Easy,0,1,4,4,20149,20149,0,1,0
89,8,Easy,0,1,7,4,36065,36065,1,0,0
90,6,Difficult,1,2,3,4,4377,4377,0,1,0
90,1,Easy,0,2,1,7,5485,5485,1,1,0
90,2,Difficult,1,2,1,2,6680,6680,0,1,0
90,5,Easy,0,2,2,3,6725,6725,0,1,0
90,4,Difficult,1,2,2,4,6797,6797,0,1,0
90,6,Difficult,1,2,4,4,6874,6874,1,1,1
90,3,Easy,0,2,2,2,8827,8827,1,1,0
90,1,Easy,0,2,1,7,8891,8891,0,0,0
90,4,Difficult,1,2,2,4,9385,9385,0,1,0
90,5,Easy,0,2,3,3,10409,10409,1,1,0
90,1,Easy,0,2,1,7,10500,10500,0,1,0
90,7,Easy,0,2,5,2,10830,10830,0,1,0
90,4,Difficult,1,2,2,4,11175,11175,0,1,0
90,1,Easy,0,2,1,7,11721,11721,0,1,0
90,8,Difficult,1,2,7,3,12074,12074,0,0,0
90,7,Easy,0,2,6,2,12435,12435,0,0,0
90,1,Easy,0,2,1,7,13391,13391,0,1,0
90,1,Easy,0,2,1,7,13743,13743,0,1,0
90,6,Difficult,1,2,3,4,16223,16223,0,1,0
90,1,Easy,0,2,1,7,18512,18512,1,0,0
90,6,Difficult,1,2,3,4,18923,18923,0,0,0
90,3,Easy,0,2,2,2,19547,19547,1,0,0
90,8,Difficult,1,2,1,3,22069,22069,1,1,1
90,2,Difficult,1,2,2,2,22353,22353,1,1,1
90,4,Difficult,1,2,2,4,24082,24082,0,0,0
90,8,Difficult,1,2,2,3,32557,32557,0,0,0
90,5,Easy,0,2,3,3,35988,35988,1,0,0
92,4,Difficult,1,2,2,4,3525,3525,0,1,0
92,2,Difficult,1,2,2,2,3978,3978,1,1,1
92,1,Easy,0,2,1,7,4541,4541,1,0,0
92,7,Easy,0,2,5,2,5732,5732,1,1,0
92,5,Easy,0,2,2,3,5922,5922,0,0,0
92,1,Easy,0,2,1,7,5998,5998,1,0,0
92,8,Difficult,1,2,1,3,6179,6179,1,1,1
92,1,Easy,0,2,1,7,6192,6192,0,1,0
92,1,Easy,0,2,1,7,6958,6958,0,1,0
92,4,Difficult,1,2,2,4,6973,6973,1,1,1
92,8,Difficult,1,2,2,3,7079,7079,1,1,1
92,4,Difficult,1,2,2,4,7395,7395,1,0,1
92,8,Difficult,1,2,7,3,7752,7752,0,0,0
92,6,Difficult,1,2,3,4,8430,8430,0,1,0
92,1,Easy,0,2,1,7,8712,8712,1,1,0
92,3,Easy,0,2,2,2,8816,8816,1,0,0
92,6,Difficult,1,2,3,4,8912,8912,0,0,0
92,5,Easy,0,2,3,3,8913,8913,1,1,0
92,1,Easy,0,2,1,7,9023,9023,0,1,0
92,3,Easy,0,2,2,2,9063,9063,1,1,0
92,6,Difficult,1,2,4,4,9636,9636,0,1,0
92,7,Easy,0,2,6,2,10795,10795,1,0,0
92,4,Difficult,1,2,2,4,11596,11596,0,0,0
92,2,Difficult,1,2,1,2,13350,13350,0,0,0
92,1,Easy,0,2,1,7,14156,14156,0,0,0
92,5,Easy,0,2,3,3,15492,15492,0,1,0
92,6,Difficult,1,2,3,4,15645,15645,0,0,0
96,1,Easy,0,2,1,7,133,2620,0,0,0
96,6,Difficult,1,2,3,4,2870,2870,0,1,0
96,1,Easy,0,2,1,7,3297,3297,0,1,0
96,5,Easy,0,2,2,3,3563,3563,0,1,0
96,4,Difficult,1,2,2,4,4047,4047,0,0,0
96,6,Difficult,1,2,4,4,5072,5072,0,1,0
96,6,Difficult,1,2,3,4,6199,6199,0,0,0
96,1,Easy,0,2,1,7,6504,6504,1,0,0
96,2,Difficult,1,2,1,2,6553,6553,0,0,0
96,4,Difficult,1,2,2,4,6786,6786,1,1,1
96,8,Difficult,1,2,2,3,6930,6930,0,1,0
96,4,Difficult,1,2,2,4,7507,7507,0,0,0
96,6,Difficult,1,2,3,4,8103,8103,0,1,0
96,8,Difficult,1,2,1,3,8852,8852,1,0,1
96,4,Difficult,1,2,2,4,9577,9577,0,1,0
96,3,Easy,0,2,2,2,10616,10616,1,0,0
96,1,Easy,0,2,1,7,11191,11191,0,0,0
96,5,Easy,0,2,3,3,11516,11516,1,1,0
96,3,Easy,0,2,2,2,12461,12461,1,0,0
96,2,Difficult,1,2,2,2,12843,12843,1,1,1
96,5,Easy,0,2,3,3,13125,13125,1,0,0
96,8,Difficult,1,2,7,3,15474,15474,0,0,0
96,1,Easy,0,2,1,7,16832,16832,0,1,0
96,1,Easy,0,2,1,7,19640,19640,0,0,0
96,7,Easy,0,2,5,2,23546,23546,0,1,0
96,7,Easy,0,2,6,2,23994,23994,0,0,0
96,1,Easy,0,2,1,7,28833,28833,0,1,0
98,1,Easy,0,2,1,7,1476,2620,1,0,0
98,2,Difficult,1,2,1,2,2123,2620,0,0,0
98,4,Difficult,1,2,2,4,2128,2620,1,1,1
98,3,Easy,0,2,2,2,2201,2620,1,0,0
98,8,Difficult,1,2,1,3,2218,2620,1,0,1
98,1,Easy,0,2,1,7,2454,2620,1,0,0
98,4,Difficult,1,2,2,4,2577,2620,1,0,1
98,8,Difficult,1,2,2,3,2617,2620,1,0,1
98,3,Easy,0,2,2,2,2620,2620,1,1,0
98,6,Difficult,1,2,3,4,2849,2849,0,1,0
98,5,Easy,0,2,3,3,2871,2871,1,0,0
98,1,Easy,0,2,1,7,2981,2981,1,0,0
98,4,Difficult,1,2,2,4,3310,3310,0,0,0
98,1,Easy,0,2,1,7,3456,3456,0,0,0
98,1,Easy,0,2,1,7,4166,4166,1,0,0
98,7,Easy,0,2,5,2,5520,5520,1,1,0
98,5,Easy,0,2,3,3,6017,6017,1,0,0
98,5,Easy,0,2,2,3,6227,6227,0,1,0
98,6,Difficult,1,2,4,4,6429,6429,0,1,0
98,1,Easy,0,2,1,7,6737,6737,1,1,0
98,2,Difficult,1,2,2,2,6964,6964,1,0,1
98,7,Easy,0,2,6,2,6996,6996,0,0,0
98,6,Difficult,1,2,3,4,7529,7529,0,1,0
98,1,Easy,0,2,1,7,8420,8420,0,0,0
98,6,Difficult,1,2,3,4,20045,20045,0,1,0
98,8,Difficult,1,2,7,3,26093,26093,0,0,0
98,4,Difficult,1,2,2,4,29791,29791,0,1,0
102,3,Easy,0,2,2,2,3681,3681,0,1,0
102,1,Easy,0,2,1,7,3898,3898,0,1,0
102,1,Easy,0,2,1,7,3935,3935,1,0,0
102,2,Difficult,1,2,2,2,3990,3990,1,0,1
102,6,Difficult,1,2,4,4,4068,4068,0,1,0
102,2,Difficult,1,2,1,2,4468,4468,0,0,0
102,1,Easy,0,2,1,7,5089,5089,0,1,0
102,5,Easy,0,2,2,3,5153,5153,0,1,0
102,1,Easy,0,2,1,7,5816,5816,0,0,0
102,4,Difficult,1,2,2,4,6151,6151,0,1,0
102,4,Difficult,1,2,2,4,6690,6690,0,0,0
102,5,Easy,0,2,3,3,7169,7169,1,0,0
102,3,Easy,0,2,2,2,7382,7382,1,1,0
102,1,Easy,0,2,1,7,7577,7577,0,1,0
102,8,Difficult,1,2,1,3,7846,7846,0,1,0
102,1,Easy,0,2,1,7,8292,8292,0,1,0
102,4,Difficult,1,2,2,4,8367,8367,0,1,0
102,6,Difficult,1,2,3,4,8700,8700,0,1,0
102,1,Easy,0,2,1,7,9239,9239,0,0,0
102,7,Easy,0,2,5,2,10381,10381,0,1,0
102,4,Difficult,1,2,2,4,11037,11037,0,0,0
102,8,Difficult,1,2,2,3,11067,11067,0,1,0
102,6,Difficult,1,2,3,4,12622,12622,1,0,1
102,6,Difficult,1,2,3,4,15666,15666,0,1,0
102,5,Easy,0,2,3,3,15768,15768,1,0,0
102,7,Easy,0,2,6,2,19205,19205,0,0,0
102,8,Difficult,1,2,7,3,21539,21539,1,0,1
106,1,Easy,0,2,1,7,2804,2804,0,1,0
106,1,Easy,0,2,1,7,3344,3344,1,0,0
106,1,Easy,0,2,1,7,3830,3830,0,1,0
106,4,Difficult,1,2,2,4,4546,4546,0,1,0
106,4,Difficult,1,2,2,4,4830,4830,0,0,0
106,6,Difficult,1,2,3,4,4908,4908,0,1,0
106,4,Difficult,1,2,2,4,5298,5298,0,1,0
106,5,Easy,0,2,3,3,5625,5625,0,1,0
106,6,Difficult,1,2,4,4,6494,6494,0,1,0
106,4,Difficult,1,2,2,4,6609,6609,1,1,1
106,6,Difficult,1,2,3,4,6665,6665,0,1,0
106,1,Easy,0,2,1,7,7109,7109,0,0,0
106,2,Difficult,1,2,1,2,7574,7574,0,0,0
106,3,Easy,0,2,2,2,8985,8985,1,1,0
106,8,Difficult,1,2,7,3,9735,9735,0,0,0
106,1,Easy,0,2,1,7,9759,9759,0,1,0
106,5,Easy,0,2,2,3,10032,10032,0,1,0
106,5,Easy,0,2,3,3,11675,11675,0,0,0
106,3,Easy,0,2,2,2,13244,13244,1,0,0
106,8,Difficult,1,2,2,3,13928,13928,0,1,0
106,8,Difficult,1,2,1,3,14158,14158,1,1,1
106,7,Easy,0,2,5,2,15409,15409,1,1,0
106,2,Difficult,1,2,2,2,18684,18684,1,1,1
106,7,Easy,0,2,6,2,20722,20722,0,0,0
106,6,Difficult,1,2,3,4,21166,21166,0,0,0
106,1,Easy,0,2,1,7,21200,21200,0,0,0
106,1,Easy,0,2,1,7,24876,24876,0,0,0
107,2,Easy,0,1,2,4,3548,3548,1,1,0
107,4,Easy,0,1,2,4,3693,3693,0,1,0
107,1,Difficult,1,1,1,7,5279,5279,0,0,0
107,1,Difficult,1,1,1,7,5995,5995,0,1,0
107,7,Difficult,1,1,6,4,6012,6012,1,0,1
107,1,Difficult,1,1,1,7,6167,6167,1,1,1
107,3,Difficult,1,1,2,4,6395,6395,1,1,1
107,5,Difficult,1,1,2,5,6492,6492,0,1,0
107,6,Easy,0,1,3,4,6507,6507,0,0,0
107,4,Easy,0,1,2,4,6675,6675,1,1,0
107,5,Difficult,1,1,3,5,7124,7124,1,0,1
107,1,Difficult,1,1,1,7,7311,7311,1,1,1
107,1,Difficult,1,1,1,7,7432,7432,1,1,1
107,1,Difficult,1,1,1,7,7582,7582,1,1,1
107,8,Easy,0,1,1,4,7704,7704,0,0,0
107,8,Easy,0,1,7,4,7730,7730,0,0,0
107,3,Difficult,1,1,2,4,8863,8863,1,1,1
107,4,Easy,0,1,2,4,9304,9304,0,0,0
107,8,Easy,0,1,2,4,10295,10295,0,1,0
107,1,Difficult,1,1,1,7,11347,11347,0,0,0
107,2,Easy,0,1,1,4,11587,11587,0,0,0
107,7,Difficult,1,1,5,4,13077,13077,1,1,1
107,5,Difficult,1,1,3,5,13159,13159,0,1,0
107,6,Easy,0,1,3,4,13199,13199,0,1,0
107,6,Easy,0,1,4,4,15763,15763,0,1,0
107,4,Easy,0,1,2,4,15834,15834,1,0,0
107,6,Easy,0,1,3,4,26377,26377,0,1,0
111,1,Difficult,1,1,1,7,3177,3177,0,1,0
111,2,Easy,0,1,1,4,3235,3235,0,1,0
111,4,Easy,0,1,2,4,3538,3538,0,1,0
111,3,Difficult,1,1,2,4,3665,3665,0,1,0
111,5,Difficult,1,1,2,5,3678,3678,0,1,0
111,4,Easy,0,1,2,4,3817,3817,0,1,0
111,6,Easy,0,1,3,4,3859,3859,0,1,0
111,6,Easy,0,1,4,4,4429,4429,0,1,0
111,1,Difficult,1,1,1,7,4620,4620,0,1,0
111,1,Difficult,1,1,1,7,5176,5176,0,0,0
111,8,Easy,0,1,1,4,5313,5313,0,1,0
111,1,Difficult,1,1,1,7,5989,5989,0,0,0
111,6,Easy,0,1,3,4,6015,6015,0,1,0
111,8,Easy,0,1,2,4,6057,6057,0,1,0
111,7,Difficult,1,1,5,4,6236,6236,0,1,0
111,1,Difficult,1,1,1,7,7093,7093,0,1,0
111,3,Difficult,1,1,2,4,8110,8110,0,0,0
111,5,Difficult,1,1,3,5,9733,9733,0,1,0
111,2,Easy,0,1,2,4,9939,9939,0,1,0
111,4,Easy,0,1,2,4,10585,10585,0,1,0
111,4,Easy,0,1,2,4,10848,10848,0,0,0
111,8,Easy,0,1,7,4,11465,11465,0,0,0
111,5,Difficult,1,1,3,5,11882,11882,0,0,0
111,6,Easy,0,1,3,4,12750,12750,0,0,0
111,1,Difficult,1,1,1,7,12968,12968,0,1,0
111,7,Difficult,1,1,6,4,13338,13338,0,0,0
111,1,Difficult,1,1,1,7,21077,21077,0,1,0
114,3,Easy,0,2,2,2,3563,3563,1,1,0
114,4,Difficult,1,2,2,4,3597,3597,0,1,0
114,7,Easy,0,2,5,2,4171,4171,1,1,0
114,1,Easy,0,2,1,7,5258,5258,1,0,0
114,1,Easy,0,2,1,7,5296,5296,0,1,0
114,1,Easy,0,2,1,7,5779,5779,1,0,0
114,1,Easy,0,2,1,7,5967,5967,0,0,0
114,6,Difficult,1,2,3,4,6046,6046,0,1,0
114,4,Difficult,1,2,2,4,6241,6241,0,1,0
114,4,Difficult,1,2,2,4,6471,6471,0,0,0
114,6,Difficult,1,2,3,4,6471,6471,0,1,0
114,1,Easy,0,2,1,7,7049,7049,0,1,0
114,4,Difficult,1,2,2,4,7512,7512,1,1,1
114,1,Easy,0,2,1,7,7526,7526,0,0,0
114,5,Easy,0,2,2,3,8277,8277,0,0,0
114,5,Easy,0,2,3,3,9120,9120,1,1,0
114,1,Easy,0,2,1,7,9667,9667,0,1,0
114,2,Difficult,1,2,1,2,11276,11276,0,1,0
114,3,Easy,0,2,2,2,12131,12131,1,1,0
114,6,Difficult,1,2,4,4,14104,14104,1,1,1
114,5,Easy,0,2,3,3,15405,15405,1,0,0
114,8,Difficult,1,2,1,3,15445,15445,1,0,1
114,8,Difficult,1,2,2,3,16939,16939,0,1,0
114,6,Difficult,1,2,3,4,29938,29938,0,0,0
114,7,Easy,0,2,6,2,49313,37427,1,0,0
114,2,Difficult,1,2,2,2,50377,37427,1,1,1
114,8,Difficult,1,2,7,3,57876,37427,0,0,0
116,1,Easy,0,2,1,7,4744,4744,1,1,0
116,1,Easy,0,2,1,7,5703,5703,1,1,0
116,1,Easy,0,2,1,7,5742,5742,0,1,0
116,3,Easy,0,2,2,2,6834,6834,1,0,0
116,2,Difficult,1,2,2,2,6987,6987,1,0,1
116,2,Difficult,1,2,1,2,7486,7486,0,0,0
116,4,Difficult,1,2,2,4,8161,8161,0,1,0
116,5,Easy,0,2,3,3,8235,8235,1,0,0
116,1,Easy,0,2,1,7,8279,8279,1,0,0
116,1,Easy,0,2,1,7,8288,8288,0,1,0
116,4,Difficult,1,2,2,4,8566,8566,0,1,0
116,8,Difficult,1,2,1,3,9011,9011,1,1,1
116,7,Easy,0,2,5,2,9834,9834,1,1,0
116,1,Easy,0,2,1,7,9891,9891,1,0,0
116,8,Difficult,1,2,2,3,11590,11590,0,1,0
116,4,Difficult,1,2,2,4,11602,11602,0,0,0
116,6,Difficult,1,2,3,4,12498,12498,1,1,1
116,3,Easy,0,2,2,2,13015,13015,1,1,0
116,5,Easy,0,2,2,3,13172,13172,0,0,0
116,6,Difficult,1,2,3,4,13699,13699,1,1,1
116,5,Easy,0,2,3,3,13982,13982,1,1,0
116,6,Difficult,1,2,3,4,15158,15158,0,0,0
116,4,Difficult,1,2,2,4,16375,16375,0,0,0
116,1,Easy,0,2,1,7,16758,16758,0,0,0
116,6,Difficult,1,2,4,4,20532,20532,1,1,1
116,7,Easy,0,2,6,2,23777,23777,0,0,0
116,8,Difficult,1,2,7,3,55010,37427,0,0,0
119,1,Difficult,1,1,1,7,4478,4478,0,0,0
119,1,Difficult,1,1,1,7,5294,5294,1,1,1
119,4,Easy,0,1,2,4,5340,5340,1,1,0
119,4,Easy,0,1,2,4,6165,6165,0,1,0
119,4,Easy,0,1,2,4,6860,6860,0,1,0
119,5,Difficult,1,1,3,5,6986,6986,1,1,1
119,1,Difficult,1,1,1,7,7884,7884,0,1,0
119,2,Easy,0,1,2,4,7920,7920,1,1,0
119,1,Difficult,1,1,1,7,8030,8030,1,0,1
119,5,Difficult,1,1,2,5,8084,8084,0,1,0
119,7,Difficult,1,1,5,4,8183,8183,1,1,1
119,5,Difficult,1,1,3,5,8289,8289,1,1,1
119,2,Easy,0,1,1,4,8382,8382,0,1,0
119,8,Easy,0,1,1,4,8513,8513,1,1,0
119,8,Easy,0,1,2,4,8539,8539,1,1,0
119,4,Easy,0,1,2,4,8916,8916,0,1,0
119,8,Easy,0,1,7,4,8988,8988,1,0,0
119,6,Easy,0,1,3,4,9196,9196,0,0,0
119,1,Difficult,1,1,1,7,9236,9236,1,1,1
119,1,Difficult,1,1,1,7,9975,9975,0,1,0
119,1,Difficult,1,1,1,7,9983,9983,0,1,0
119,3,Difficult,1,1,2,4,10696,10696,1,0,1
119,6,Easy,0,1,3,4,11040,11040,0,1,0
119,7,Difficult,1,1,6,4,11796,11796,0,0,0
119,3,Difficult,1,1,2,4,12765,12765,1,1,1
119,6,Easy,0,1,3,4,13814,13814,0,0,0
119,6,Easy,0,1,4,4,21254,21254,1,1,0
120,5,Easy,0,2,2,3,3749,3749,0,1,0
120,7,Easy,0,2,5,2,4159,4159,0,1,0
120,1,Easy,0,2,1,7,5739,5739,1,0,0
120,1,Easy,0,2,1,7,7018,7018,0,1,0
120,4,Difficult,1,2,2,4,7236,7236,0,0,0
120,6,Difficult,1,2,4,4,7641,7641,1,1,1
120,4,Difficult,1,2,2,4,7682,7682,0,1,0
120,4,Difficult,1,2,2,4,8914,8914,0,1,0
120,1,Easy,0,2,1,7,9366,9366,1,1,0
120,4,Difficult,1,2,2,4,10626,10626,0,1,0
120,2,Difficult,1,2,2,2,11114,11114,1,1,1
120,5,Easy,0,2,3,3,11911,11911,1,0,0
120,1,Easy,0,2,1,7,12277,12277,1,1,0
120,3,Easy,0,2,2,2,12326,12326,1,1,0
120,6,Difficult,1,2,3,4,13085,13085,1,0,1
120,6,Difficult,1,2,3,4,14333,14333,0,1,0
120,1,Easy,0,2,1,7,14442,14442,0,1,0
120,5,Easy,0,2,3,3,14715,14715,1,1,0
120,1,Easy,0,2,1,7,15198,15198,0,1,0
120,8,Difficult,1,2,1,3,16080,16080,1,0,1
120,1,Easy,0,2,1,7,16171,16171,1,1,0
120,3,Easy,0,2,2,2,17902,17902,1,1,0
120,2,Difficult,1,2,1,2,23537,23537,0,0,0
120,6,Difficult,1,2,3,4,26459,26459,0,0,0
120,8,Difficult,1,2,2,3,33944,33944,0,0,0
120,8,Difficult,1,2,7,3,45577,37427,1,0,1
120,7,Easy,0,2,6,2,62271,37427,0,0,0
142,4,Difficult,1,2,2,4,2557,2620,0,1,0
142,1,Easy,0,2,1,7,3247,3247,0,1,0
142,1,Easy,0,2,1,7,3739,3739,0,1,0
142,2,Difficult,1,2,1,2,5307,5307,0,1,0
142,4,Difficult,1,2,2,4,5461,5461,0,1,0
142,6,Difficult,1,2,3,4,5617,5617,0,1,0
142,5,Easy,0,2,2,3,5687,5687,0,1,0
142,8,Difficult,1,2,1,3,5733,5733,0,1,0
142,1,Easy,0,2,1,7,6023,6023,0,0,0
142,8,Difficult,1,2,2,3,6114,6114,0,1,0
142,6,Difficult,1,2,4,4,6123,6123,0,1,0
142,1,Easy,0,2,1,7,6633,6633,0,1,0
142,1,Easy,0,2,1,7,8263,8263,0,1,0
142,3,Easy,0,2,2,2,8349,8349,0,0,0
142,5,Easy,0,2,3,3,8518,8518,0,0,0
142,5,Easy,0,2,3,3,8684,8684,0,1,0
142,7,Easy,0,2,5,2,9165,9165,0,1,0
142,4,Difficult,1,2,2,4,9638,9638,0,1,0
142,1,Easy,0,2,1,7,10206,10206,0,0,0
142,6,Difficult,1,2,3,4,10686,10686,0,1,0
142,1,Easy,0,2,1,7,10874,10874,0,1,0
142,3,Easy,0,2,2,2,10959,10959,0,1,0
142,2,Difficult,1,2,2,2,12720,12720,0,1,0
142,6,Difficult,1,2,3,4,14460,14460,0,1,0
142,8,Difficult,1,2,7,3,17861,17861,0,0,0
142,4,Difficult,1,2,2,4,18597,18597,0,1,0
142,7,Easy,0,2,6,2,20109,20109,0,0,0
144,1,Easy,0,2,1,7,5461,5461,1,1,0
144,4,Difficult,1,2,2,4,5562,5562,0,1,0
144,6,Difficult,1,2,4,4,5562,5562,1,1,1
144,1,Easy,0,2,1,7,5704,5704,0,1,0
144,3,Easy,0,2,2,2,6804,6804,1,1,0
144,6,Difficult,1,2,3,4,6921,6921,0,1,0
144,4,Difficult,1,2,2,4,6959,6959,0,1,0
144,1,Easy,0,2,1,7,7308,7308,1,1,0
144,2,Difficult,1,2,2,2,8263,8263,1,1,1
144,3,Easy,0,2,2,2,9091,9091,1,1,0
144,2,Difficult,1,2,1,2,9137,9137,0,1,0
144,1,Easy,0,2,1,7,10037,10037,1,1,0
144,5,Easy,0,2,2,3,10364,10364,0,1,0
144,4,Difficult,1,2,2,4,10455,10455,0,1,0
144,7,Easy,0,2,5,2,10711,10711,0,1,0
144,6,Difficult,1,2,3,4,10798,10798,0,0,0
144,6,Difficult,1,2,3,4,11580,11580,0,1,0
144,5,Easy,0,2,3,3,11910,11910,0,0,0
144,5,Easy,0,2,3,3,13012,13012,0,1,0
144,8,Difficult,1,2,1,3,14413,14413,0,1,0
144,7,Easy,0,2,6,2,14697,14697,1,0,0
144,1,Easy,0,2,1,7,15789,15789,1,0,0
144,8,Difficult,1,2,2,3,17034,17034,0,0,0
144,1,Easy,0,2,1,7,18725,18725,0,1,0
144,4,Difficult,1,2,2,4,19210,19210,0,0,0
144,1,Easy,0,2,1,7,29420,29420,0,1,0
144,8,Difficult,1,2,7,3,41148,37427,0,0,0
145,1,Difficult,1,1,1,7,3982,3982,0,1,0
145,4,Easy,0,1,2,4,4527,4527,1,0,0
145,1,Difficult,1,1,1,7,5416,5416,1,1,1
145,1,Difficult,1,1,1,7,5971,5971,0,1,0
145,4,Easy,0,1,2,4,6180,6180,1,1,0
145,6,Easy,0,1,3,4,6760,6760,0,1,0
145,1,Difficult,1,1,1,7,6783,6783,1,1,1
145,4,Easy,0,1,2,4,6908,6908,1,0,0
145,6,Easy,0,1,3,4,7252,7252,0,1,0
145,3,Difficult,1,1,2,4,7278,7278,1,0,1
145,8,Easy,0,1,7,4,7404,7404,0,0,0
145,5,Difficult,1,1,2,5,7721,7721,0,1,0
145,4,Easy,0,1,2,4,8090,8090,0,1,0
145,8,Easy,0,1,1,4,9535,9535,1,1,0
145,5,Difficult,1,1,3,5,9698,9698,1,0,1
145,1,Difficult,1,1,1,7,9998,9998,0,1,0
145,5,Difficult,1,1,3,5,10640,10640,1,0,1
145,8,Easy,0,1,2,4,10716,10716,1,0,0
145,1,Difficult,1,1,1,7,11766,11766,1,0,1
145,7,Difficult,1,1,5,4,12074,12074,1,1,1
145,2,Easy,0,1,1,4,12154,12154,0,1,0
145,6,Easy,0,1,3,4,12320,12320,0,1,0
145,3,Difficult,1,1,2,4,12923,12923,1,0,1
145,2,Easy,0,1,2,4,14995,14995,1,1,0
145,7,Difficult,1,1,6,4,16340,16340,0,0,0
145,6,Easy,0,1,4,4,24202,24202,0,1,0
145,1,Difficult,1,1,1,7,43026,37427,1,1,1
146,3,Easy,0,2,2,2,2901,2901,1,0,0
146,1,Easy,0,2,1,7,3515,3515,1,0,0
146,1,Easy,0,2,1,7,3689,3689,0,1,0
146,1,Easy,0,2,1,7,4013,4013,0,0,0
146,4,Difficult,1,2,2,4,4027,4027,1,1,1
146,5,Easy,0,2,3,3,4104,4104,1,1,0
146,1,Easy,0,2,1,7,4465,4465,0,0,0
146,4,Difficult,1,2,2,4,4638,4638,1,0,1
146,4,Difficult,1,2,2,4,4781,4781,1,1,1
146,5,Easy,0,2,3,3,4804,4804,1,1,0
146,3,Easy,0,2,2,2,4809,4809,1,1,0
146,7,Easy,0,2,6,2,5224,5224,1,0,0
146,1,Easy,0,2,1,7,5381,5381,0,1,0
146,5,Easy,0,2,2,3,5862,5862,1,0,0
146,6,Difficult,1,2,3,4,5882,5882,0,1,0
146,2,Difficult,1,2,1,2,6802,6802,0,0,0
146,8,Difficult,1,2,1,3,6941,6941,1,1,1
146,2,Difficult,1,2,2,2,7320,7320,1,1,1
146,4,Difficult,1,2,2,4,7664,7664,1,0,1
146,8,Difficult,1,2,2,3,7919,7919,1,1,1
146,6,Difficult,1,2,3,4,9799,9799,1,0,1
146,6,Difficult,1,2,4,4,10337,10337,0,1,0
146,1,Easy,0,2,1,7,12880,12880,0,1,0
146,6,Difficult,1,2,3,4,15081,15081,0,0,0
146,8,Difficult,1,2,7,3,16148,16148,1,0,1
146,1,Easy,0,2,1,7,16484,16484,1,0,0
146,7,Easy,0,2,5,2,17115,17115,1,1,0
147,6,Easy,0,1,4,4,4187,4187,0,1,0
147,1,Difficult,1,1,1,7,4328,4328,1,1,1
147,8,Easy,0,1,7,4,4977,4977,0,0,0
147,1,Difficult,1,1,1,7,5166,5166,1,1,1
147,3,Difficult,1,1,2,4,5871,5871,1,0,1
147,4,Easy,0,1,2,4,6004,6004,0,0,0
147,1,Difficult,1,1,1,7,6692,6692,0,0,0
147,1,Difficult,1,1,1,7,6845,6845,0,1,0
147,2,Easy,0,1,1,4,7148,7148,0,1,0
147,6,Easy,0,1,3,4,7192,7192,0,0,0
147,4,Easy,0,1,2,4,7924,7924,0,1,0
147,7,Difficult,1,1,5,4,8142,8142,0,1,0
147,5,Difficult,1,1,2,5,8254,8254,0,1,0
147,8,Easy,0,1,1,4,8509,8509,0,1,0
147,1,Difficult,1,1,1,7,8613,8613,1,1,1
147,5,Difficult,1,1,3,5,9115,9115,1,1,1
147,6,Easy,0,1,3,4,9118,9118,0,1,0
147,8,Easy,0,1,2,4,9265,9265,0,1,0
147,3,Difficult,1,1,2,4,9549,9549,1,0,1
147,1,Difficult,1,1,1,7,11156,11156,0,1,0
147,5,Difficult,1,1,3,5,11571,11571,1,0,1
147,6,Easy,0,1,3,4,11864,11864,0,0,0
147,2,Easy,0,1,2,4,12482,12482,1,0,0
147,7,Difficult,1,1,6,4,14423,14423,0,0,0
147,4,Easy,0,1,2,4,16629,16629,0,0,0
147,1,Difficult,1,1,1,7,17175,17175,0,1,0
147,4,Easy,0,1,2,4,20753,20753,0,1,0
149,4,Easy,0,1,2,4,4488,4488,0,1,0
149,4,Easy,0,1,2,4,4667,4667,0,0,0
149,1,Difficult,1,1,1,7,5873,5873,1,1,1
149,2,Easy,0,1,1,4,6008,6008,0,0,0
149,1,Difficult,1,1,1,7,6142,6142,1,1,1
149,1,Difficult,1,1,1,7,6210,6210,0,1,0
149,1,Difficult,1,1,1,7,6394,6394,0,0,0
149,4,Easy,0,1,2,4,6977,6977,0,0,0
149,6,Easy,0,1,3,4,7151,7151,1,1,0
149,3,Difficult,1,1,2,4,7465,7465,1,0,1
149,5,Difficult,1,1,3,5,8039,8039,1,0,1
149,3,Difficult,1,1,2,4,8679,8679,1,0,1
149,6,Easy,0,1,3,4,8975,8975,1,1,0
149,5,Difficult,1,1,2,5,9023,9023,0,1,0
149,2,Easy,0,1,2,4,9759,9759,1,1,0
149,4,Easy,0,1,2,4,9952,9952,0,1,0
149,8,Easy,0,1,7,4,10912,10912,0,0,0
149,5,Difficult,1,1,3,5,10945,10945,1,1,1
149,1,Difficult,1,1,1,7,11557,11557,0,1,0
149,6,Easy,0,1,4,4,11886,11886,0,1,0
149,8,Easy,0,1,1,4,11985,11985,0,0,0
149,8,Easy,0,1,2,4,12968,12968,0,0,0
149,1,Difficult,1,1,1,7,14268,14268,0,1,0
149,6,Easy,0,1,3,4,14342,14342,0,1,0
149,7,Difficult,1,1,6,4,14966,14966,0,0,0
149,1,Difficult,1,1,1,7,19268,19268,0,1,0
149,7,Difficult,1,1,5,4,21118,21118,1,1,1
150,3,Easy,0,2,2,2,5441,5441,1,0,0
150,4,Difficult,1,2,2,4,5574,5574,0,1,0
150,4,Difficult,1,2,2,4,5597,5597,0,1,0
150,1,Easy,0,2,1,7,5696,5696,1,0,0
150,4,Difficult,1,2,2,4,5767,5767,1,1,1
150,6,Difficult,1,2,3,4,6159,6159,0,1,0
150,5,Easy,0,2,3,3,6204,6204,1,0,0
150,6,Difficult,1,2,3,4,7113,7113,0,1,0
150,4,Difficult,1,2,2,4,7652,7652,0,0,0
150,2,Difficult,1,2,1,2,7919,7919,0,1,0
150,1,Easy,0,2,1,7,8647,8647,1,0,0
150,3,Easy,0,2,2,2,8685,8685,1,0,0
150,8,Difficult,1,2,2,3,8784,8784,0,1,0
150,5,Easy,0,2,2,3,9285,9285,0,0,0
150,6,Difficult,1,2,3,4,9298,9298,0,0,0
150,1,Easy,0,2,1,7,9627,9627,0,1,0
150,1,Easy,0,2,1,7,10573,10573,0,1,0
150,7,Easy,0,2,6,2,10621,10621,1,0,0
150,8,Difficult,1,2,7,3,10859,10859,0,0,0
150,5,Easy,0,2,3,3,11221,11221,1,1,0
150,1,Easy,0,2,1,7,12622,12622,1,0,0
150,6,Difficult,1,2,4,4,12810,12810,0,1,0
150,1,Easy,0,2,1,7,12884,12884,1,0,0
150,8,Difficult,1,2,1,3,14883,14883,1,1,1
150,2,Difficult,1,2,2,2,18501,18501,1,0,1
150,7,Easy,0,2,5,2,29447,29447,0,1,0
150,1,Easy,0,2,1,7,30654,30654,0,0,0
151,4,Easy,0,1,2,4,2548,2620,0,1,0
151,1,Difficult,1,1,1,7,6958,6958,0,1,0
151,8,Easy,0,1,7,4,7397,7397,1,0,0
151,2,Easy,0,1,1,4,8132,8132,0,1,0
151,7,Difficult,1,1,5,4,8304,8304,1,1,1
151,5,Difficult,1,1,3,5,8355,8355,1,1,1
151,4,Easy,0,1,2,4,8424,8424,0,0,0
151,1,Difficult,1,1,1,7,8621,8621,0,0,0
151,6,Easy,0,1,4,4,8675,8675,0,1,0
151,2,Easy,0,1,2,4,8993,8993,1,1,0
151,5,Difficult,1,1,2,5,9248,9248,0,1,0
151,3,Difficult,1,1,2,4,9590,9590,1,1,1
151,1,Difficult,1,1,1,7,10138,10138,1,0,1
151,6,Easy,0,1,3,4,11240,11240,1,1,0
151,4,Easy,0,1,2,4,11366,11366,0,1,0
151,1,Difficult,1,1,1,7,12078,12078,0,1,0
151,6,Easy,0,1,3,4,13583,13583,0,1,0
151,1,Difficult,1,1,1,7,14222,14222,1,1,1
151,4,Easy,0,1,2,4,15012,15012,1,1,0
151,5,Difficult,1,1,3,5,15225,15225,1,0,1
151,8,Easy,0,1,1,4,15438,15438,1,1,0
151,7,Difficult,1,1,6,4,15599,15599,0,0,0
151,8,Easy,0,1,2,4,18125,18125,0,1,0
151,6,Easy,0,1,3,4,29932,29932,0,0,0
151,1,Difficult,1,1,1,7,31856,31856,0,0,0
151,1,Difficult,1,1,1,7,34196,34196,0,1,0
151,3,Difficult,1,1,2,4,38310,37427,1,0,1
152,6,Difficult,1,2,4,4,3705,3705,0,1,0
152,1,Easy,0,2,1,7,5629,5629,1,1,0
152,1,Easy,0,2,1,7,5887,5887,0,1,0
152,4,Difficult,1,2,2,4,8482,8482,1,1,1
152,1,Easy,0,2,1,7,8892,8892,1,0,0
152,5,Easy,0,2,2,3,9055,9055,0,1,0
152,7,Easy,0,2,6,2,9064,9064,1,0,0
152,1,Easy,0,2,1,7,9284,9284,1,0,0
152,1,Easy,0,2,1,7,9507,9507,0,1,0
152,5,Easy,0,2,3,3,9629,9629,1,1,0
152,4,Difficult,1,2,2,4,10097,10097,1,1,1
152,2,Difficult,1,2,1,2,10318,10318,0,0,0
152,4,Difficult,1,2,2,4,10730,10730,1,0,1
152,5,Easy,0,2,3,3,10975,10975,1,0,0
152,3,Easy,0,2,2,2,11491,11491,1,1,0
152,1,Easy,0,2,1,7,11988,11988,0,1,0
152,2,Difficult,1,2,2,2,12363,12363,1,1,1
152,6,Difficult,1,2,3,4,12604,12604,0,1,0
152,8,Difficult,1,2,1,3,12856,12856,1,0,1
152,1,Easy,0,2,1,7,13641,13641,1,1,0
152,8,Difficult,1,2,2,3,15726,15726,1,0,1
152,4,Difficult,1,2,2,4,16694,16694,0,1,0
152,3,Easy,0,2,2,2,17332,17332,1,0,0
152,6,Difficult,1,2,3,4,17902,17902,0,1,0
152,6,Difficult,1,2,3,4,23813,23813,1,0,1
152,7,Easy,0,2,5,2,25724,25724,1,1,0
152,8,Difficult,1,2,7,3,37427,37427,0,0,0
154,3,Easy,0,2,2,2,3064,3064,1,1,0
154,1,Easy,0,2,1,7,3672,3672,0,1,0
154,4,Difficult,1,2,2,4,5005,5005,0,0,0
154,3,Easy,0,2,2,2,5389,5389,1,1,0
154,1,Easy,0,2,1,7,6228,6228,1,1,0
154,1,Easy,0,2,1,7,6408,6408,0,1,0
154,6,Difficult,1,2,3,4,6603,6603,0,1,0
154,6,Difficult,1,2,4,4,6622,6622,0,1,0
154,5,Easy,0,2,2,3,6854,6854,0,1,0
154,2,Difficult,1,2,2,2,6959,6959,1,1,1
154,4,Difficult,1,2,2,4,7159,7159,0,1,0
154,2,Difficult,1,2,1,2,7253,7253,0,0,0
154,1,Easy,0,2,1,7,7777,7777,1,1,0
154,4,Difficult,1,2,2,4,7801,7801,0,1,0
154,8,Difficult,1,2,1,3,7804,7804,0,1,0
154,8,Difficult,1,2,2,3,8574,8574,0,0,0
154,4,Difficult,1,2,2,4,9215,9215,0,0,0
154,7,Easy,0,2,6,2,9850,9850,0,0,0
154,6,Difficult,1,2,3,4,10450,10450,0,1,0
154,1,Easy,0,2,1,7,10917,10917,0,1,0
154,7,Easy,0,2,5,2,11703,11703,1,1,0
154,6,Difficult,1,2,3,4,13709,13709,0,1,0
154,8,Difficult,1,2,7,3,14987,14987,0,0,0
154,5,Easy,0,2,3,3,19288,19288,0,0,0
154,5,Easy,0,2,3,3,21194,21194,1,1,0
154,1,Easy,0,2,1,7,23391,23391,0,0,0
154,1,Easy,0,2,1,7,25416,25416,1,0,0
155,2,Easy,0,1,1,4,3717,3717,0,1,0
155,4,Easy,0,1,2,4,4134,4134,0,0,0
155,1,Difficult,1,1,1,7,4328,4328,0,1,0
155,1,Difficult,1,1,1,7,4518,4518,0,1,0
155,1,Difficult,1,1,1,7,4581,4581,0,1,0
155,6,Easy,0,1,4,4,5432,5432,0,1,0
155,4,Easy,0,1,2,4,5527,5527,0,1,0
155,4,Easy,0,1,2,4,5554,5554,0,1,0
155,6,Easy,0,1,3,4,5573,5573,0,0,0
155,6,Easy,0,1,3,4,6192,6192,0,1,0
155,1,Difficult,1,1,1,7,6316,6316,1,0,1
155,3,Difficult,1,1,2,4,6380,6380,0,0,0
155,5,Difficult,1,1,2,5,6398,6398,0,1,0
155,4,Easy,0,1,2,4,7182,7182,0,1,0
155,6,Easy,0,1,3,4,7352,7352,0,1,0
155,3,Difficult,1,1,2,4,7465,7465,0,1,0
155,1,Difficult,1,1,1,7,7557,7557,0,1,0
155,5,Difficult,1,1,3,5,8391,8391,0,1,0
155,5,Difficult,1,1,3,5,9921,9921,1,0,1
155,1,Difficult,1,1,1,7,10366,10366,0,1,0
155,8,Easy,0,1,1,4,11464,11464,0,0,0
155,8,Easy,0,1,2,4,12000,12000,0,1,0
155,2,Easy,0,1,2,4,14376,14376,0,1,0
155,8,Easy,0,1,7,4,14978,14978,1,0,0
155,7,Difficult,1,1,6,4,16268,16268,1,0,1
155,7,Difficult,1,1,5,4,24872,24872,0,1,0
155,1,Difficult,1,1,1,7,27187,27187,0,1,0
157,1,Difficult,1,1,1,7,2943,2943,0,1,0
157,1,Difficult,1,1,1,7,3011,3011,1,1,1
157,4,Easy,0,1,2,4,3247,3247,1,0,0
157,5,Difficult,1,1,2,5,3698,3698,0,1,0
157,1,Difficult,1,1,1,7,3821,3821,0,0,0
157,1,Difficult,1,1,1,7,4357,4357,1,1,1
157,3,Difficult,1,1,2,4,4665,4665,1,0,1
157,3,Difficult,1,1,2,4,4723,4723,1,0,1
157,8,Easy,0,1,1,4,4829,4829,0,1,0
157,6,Easy,0,1,3,4,5022,5022,0,0,0
157,2,Easy,0,1,1,4,5093,5093,0,0,0
157,4,Easy,0,1,2,4,5267,5267,0,0,0
157,8,Easy,0,1,2,4,5862,5862,0,1,0
157,1,Difficult,1,1,1,7,6782,6782,1,1,1
157,6,Easy,0,1,3,4,6797,6797,0,1,0
157,2,Easy,0,1,2,4,6840,6840,1,1,0
157,4,Easy,0,1,2,4,7163,7163,0,1,0
157,5,Difficult,1,1,3,5,8728,8728,0,0,0
157,4,Easy,0,1,2,4,8891,8891,1,1,0
157,6,Easy,0,1,3,4,10253,10253,0,0,0
157,7,Difficult,1,1,5,4,11547,11547,0,1,0
157,6,Easy,0,1,4,4,12105,12105,1,1,0
157,1,Difficult,1,1,1,7,12717,12717,1,0,1
157,8,Easy,0,1,7,4,13433,13433,1,0,0
157,7,Difficult,1,1,6,4,14708,14708,0,0,0
157,5,Difficult,1,1,3,5,24646,24646,1,1,1
157,1,Difficult,1,1,1,7,24765,24765,0,1,0
159,1,Difficult,1,1,1,7,4320,4320,0,0,0
159,1,Difficult,1,1,1,7,4324,4324,0,1,0
159,4,Easy,0,1,2,4,4903,4903,0,0,0
159,1,Difficult,1,1,1,7,5181,5181,1,1,1
159,4,Easy,0,1,2,4,5740,5740,0,1,0
159,2,Easy,0,1,2,4,6469,6469,1,1,0
159,4,Easy,0,1,2,4,6665,6665,0,0,0
159,3,Difficult,1,1,2,4,6997,6997,1,1,1
159,5,Difficult,1,1,3,5,7924,7924,0,1,0
159,3,Difficult,1,1,2,4,8373,8373,1,0,1
159,6,Easy,0,1,3,4,8534,8534,0,0,0
159,8,Easy,0,1,1,4,8574,8574,1,0,0
159,1,Difficult,1,1,1,7,8894,8894,1,0,1
159,1,Difficult,1,1,1,7,9053,9053,0,0,0
159,7,Difficult,1,1,5,4,9415,9415,0,1,0
159,6,Easy,0,1,3,4,10188,10188,0,1,0
159,8,Easy,0,1,7,4,10468,10468,0,0,0
159,8,Easy,0,1,2,4,10781,10781,0,1,0
159,2,Easy,0,1,1,4,10923,10923,0,0,0
159,1,Difficult,1,1,1,7,11371,11371,1,1,1
159,5,Difficult,1,1,2,5,13180,13180,0,1,0
159,1,Difficult,1,1,1,7,15202,15202,1,0,1
159,6,Easy,0,1,3,4,15406,15406,0,0,0
159,5,Difficult,1,1,3,5,15687,15687,0,0,0
159,4,Easy,0,1,2,4,17963,17963,0,0,0
159,7,Difficult,1,1,6,4,18361,18361,0,0,0
159,6,Easy,0,1,4,4,40907,37427,1,1,0
160,4,Difficult,1,2,2,4,3573,3573,1,0,1
160,1,Easy,0,2,1,7,4369,4369,1,1,0
160,1,Easy,0,2,1,7,4423,4423,1,0,0
160,1,Easy,0,2,1,7,4508,4508,1,1,0
160,4,Difficult,1,2,2,4,4546,4546,1,1,1
160,2,Difficult,1,2,2,2,5190,5190,1,1,1
160,4,Difficult,1,2,2,4,5545,5545,1,0,1
160,1,Easy,0,2,1,7,6081,6081,1,1,0
160,7,Easy,0,2,5,2,6224,6224,1,1,0
160,8,Difficult,1,2,1,3,6228,6228,1,1,1
160,1,Easy,0,2,1,7,6980,6980,0,0,0
160,6,Difficult,1,2,3,4,7015,7015,0,1,0
160,2,Difficult,1,2,1,2,7788,7788,0,0,0
160,8,Difficult,1,2,2,3,7893,7893,1,0,1
160,3,Easy,0,2,2,2,8007,8007,1,0,0
160,5,Easy,0,2,2,3,8301,8301,0,1,0
160,6,Difficult,1,2,3,4,8934,8934,1,1,1
160,1,Easy,0,2,1,7,9723,9723,1,1,0
160,4,Difficult,1,2,2,4,10261,10261,1,0,1
160,1,Easy,0,2,1,7,10290,10290,1,0,0
160,6,Difficult,1,2,4,4,10343,10343,1,1,1
160,6,Difficult,1,2,3,4,10526,10526,1,0,1
160,5,Easy,0,2,3,3,12121,12121,1,0,0
160,5,Easy,0,2,3,3,12136,12136,1,1,0
160,3,Easy,0,2,2,2,17020,17020,1,0,0
160,8,Difficult,1,2,7,3,19141,19141,0,0,0
160,7,Easy,0,2,6,2,20107,20107,1,0,0
162,6,Difficult,1,2,4,4,3052,3052,1,1,1
162,5,Easy,0,2,3,3,3978,3978,1,1,0
162,1,Easy,0,2,1,7,4277,4277,0,1,0
162,1,Easy,0,2,1,7,4674,4674,0,1,0
162,2,Difficult,1,2,2,2,5604,5604,1,1,1
162,1,Easy,0,2,1,7,6302,6302,1,1,0
162,7,Easy,0,2,6,2,6420,6420,0,0,0
162,8,Difficult,1,2,7,3,6476,6476,0,0,0
162,6,Difficult,1,2,3,4,6648,6648,0,1,0
162,1,Easy,0,2,1,7,6982,6982,1,0,0
162,1,Easy,0,2,1,7,7085,7085,1,1,0
162,4,Difficult,1,2,2,4,7636,7636,1,0,1
162,4,Difficult,1,2,2,4,7650,7650,0,1,0
162,2,Difficult,1,2,1,2,7771,7771,0,0,0
162,7,Easy,0,2,5,2,7853,7853,0,1,0
162,5,Easy,0,2,2,3,7974,7974,0,1,0
162,4,Difficult,1,2,2,4,8669,8669,1,1,1
162,4,Difficult,1,2,2,4,8746,8746,0,1,0
162,8,Difficult,1,2,1,3,10636,10636,1,1,1
162,6,Difficult,1,2,3,4,11706,11706,1,0,1
162,3,Easy,0,2,2,2,12942,12942,1,1,0
162,3,Easy,0,2,2,2,13713,13713,1,0,0
162,8,Difficult,1,2,2,3,14114,14114,1,0,1
162,1,Easy,0,2,1,7,14763,14763,0,1,0
162,5,Easy,0,2,3,3,19259,19259,1,1,0
162,6,Difficult,1,2,3,4,22714,22714,0,0,0
162,1,Easy,0,2,1,7,25104,25104,1,1,0
163,1,Difficult,1,1,1,7,3900,3900,1,1,1
163,5,Difficult,1,1,3,5,5474,5474,1,1,1
163,5,Difficult,1,1,2,5,5547,5547,0,0,0
163,4,Easy,0,1,2,4,5766,5766,1,1,0
163,1,Difficult,1,1,1,7,5969,5969,1,1,1
163,4,Easy,0,1,2,4,6220,6220,0,1,0
163,1,Difficult,1,1,1,7,6229,6229,1,0,1
163,6,Easy,0,1,3,4,6270,6270,0,1,0
163,3,Difficult,1,1,2,4,6293,6293,1,1,1
163,1,Difficult,1,1,1,7,6739,6739,0,0,0
163,1,Difficult,1,1,1,7,7263,7263,0,0,0
163,8,Easy,0,1,1,4,7621,7621,0,1,0
163,4,Easy,0,1,2,4,7631,7631,0,1,0
163,4,Easy,0,1,2,4,7676,7676,0,1,0
163,8,Easy,0,1,7,4,8158,8158,0,0,0
163,3,Difficult,1,1,2,4,8437,8437,1,0,1
163,6,Easy,0,1,3,4,8741,8741,0,1,0
163,8,Easy,0,1,2,4,8824,8824,0,1,0
163,6,Easy,0,1,3,4,9067,9067,1,0,0
163,2,Easy,0,1,1,4,10821,10821,0,1,0
163,5,Difficult,1,1,3,5,11939,11939,1,0,1
163,6,Easy,0,1,4,4,14106,14106,0,1,0
163,2,Easy,0,1,2,4,14972,14972,1,1,0
163,1,Difficult,1,1,1,7,15105,15105,0,1,0
163,7,Difficult,1,1,6,4,18653,18653,0,0,0
163,1,Difficult,1,1,1,7,21638,21638,0,1,0
163,7,Difficult,1,1,5,4,37075,37075,0,1,0
165,5,Difficult,1,1,2,5,3239,3239,0,1,0
165,1,Difficult,1,1,1,7,4144,4144,1,0,1
165,1,Difficult,1,1,1,7,5055,5055,0,1,0
165,4,Easy,0,1,2,4,5139,5139,0,1,0
165,1,Difficult,1,1,1,7,5534,5534,0,1,0
165,4,Easy,0,1,2,4,6188,6188,0,1,0
165,4,Easy,0,1,2,4,6383,6383,1,1,0
165,2,Easy,0,1,2,4,6686,6686,1,0,0
165,6,Easy,0,1,3,4,7110,7110,0,1,0
165,8,Easy,0,1,1,4,7593,7593,1,1,0
165,1,Difficult,1,1,1,7,7899,7899,0,1,0
165,8,Easy,0,1,2,4,8129,8129,0,1,0
165,5,Difficult,1,1,3,5,8584,8584,0,1,0
165,2,Easy,0,1,1,4,9357,9357,0,0,0
165,3,Difficult,1,1,2,4,9638,9638,1,0,1
165,5,Difficult,1,1,3,5,9941,9941,1,1,1
165,1,Difficult,1,1,1,7,10637,10637,0,1,0
165,3,Difficult,1,1,2,4,10722,10722,1,1,1
165,6,Easy,0,1,3,4,10940,10940,0,1,0
165,1,Difficult,1,1,1,7,11250,11250,0,1,0
165,6,Easy,0,1,3,4,12111,12111,0,0,0
165,4,Easy,0,1,2,4,12554,12554,0,1,0
165,7,Difficult,1,1,6,4,13106,13106,1,0,1
165,6,Easy,0,1,4,4,16739,16739,0,1,0
165,1,Difficult,1,1,1,7,16920,16920,0,0,0
165,7,Difficult,1,1,5,4,20610,20610,0,1,0
165,8,Easy,0,1,7,4,21653,21653,0,0,0
166,7,Easy,0,2,5,2,4327,4327,1,1,0
166,1,Easy,0,2,1,7,4743,4743,1,1,0
166,1,Easy,0,2,1,7,5173,5173,0,1,0
166,3,Easy,0,2,2,2,5955,5955,1,1,0
166,4,Difficult,1,2,2,4,6288,6288,1,0,1
166,1,Easy,0,2,1,7,6409,6409,0,0,0
166,5,Easy,0,2,2,3,6683,6683,0,0,0
166,1,Easy,0,2,1,7,6831,6831,1,1,0
166,1,Easy,0,2,1,7,6895,6895,1,0,0
166,5,Easy,0,2,3,3,7667,7667,1,1,0
166,3,Easy,0,2,2,2,8028,8028,1,0,0
166,4,Difficult,1,2,2,4,8030,8030,1,1,1
166,4,Difficult,1,2,2,4,8791,8791,1,1,1
166,6,Difficult,1,2,3,4,8950,8950,0,1,0
166,2,Difficult,1,2,2,2,8983,8983,1,1,1
166,8,Difficult,1,2,7,3,9232,9232,0,0,0
166,6,Difficult,1,2,3,4,9279,9279,1,0,1
166,8,Difficult,1,2,1,3,10700,10700,1,1,1
166,6,Difficult,1,2,3,4,10710,10710,0,1,0
166,2,Difficult,1,2,1,2,11084,11084,0,0,0
166,1,Easy,0,2,1,7,11123,11123,1,0,0
166,8,Difficult,1,2,2,3,11325,11325,1,1,1
166,1,Easy,0,2,1,7,15152,15152,1,1,0
166,4,Difficult,1,2,2,4,15595,15595,1,1,1
166,7,Easy,0,2,6,2,19205,19205,1,0,0
166,5,Easy,0,2,3,3,23094,23094,1,0,0
166,6,Difficult,1,2,4,4,30366,30366,1,1,1
167,1,Difficult,1,1,1,7,3256,3256,0,1,0
167,1,Difficult,1,1,1,7,3415,3415,1,0,1
167,3,Difficult,1,1,2,4,4119,4119,1,1,1
167,4,Easy,0,1,2,4,4362,4362,1,1,0
167,4,Easy,0,1,2,4,5189,5189,1,1,0
167,6,Easy,0,1,4,4,5926,5926,1,1,0
167,5,Difficult,1,1,2,5,6260,6260,1,1,1
167,1,Difficult,1,1,1,7,6660,6660,1,0,1
167,2,Easy,0,1,2,4,6796,6796,1,1,0
167,1,Difficult,1,1,1,7,6803,6803,1,0,1
167,6,Easy,0,1,3,4,7038,7038,1,0,0
167,8,Easy,0,1,1,4,7230,7230,1,1,0
167,8,Easy,0,1,2,4,7232,7232,1,0,0
167,4,Easy,0,1,2,4,8026,8026,1,0,0
167,2,Easy,0,1,1,4,8412,8412,0,0,0
167,5,Difficult,1,1,3,5,8443,8443,1,0,1
167,5,Difficult,1,1,3,5,8469,8469,1,0,1
167,1,Difficult,1,1,1,7,8519,8519,1,1,1
167,3,Difficult,1,1,2,4,9402,9402,1,0,1
167,1,Difficult,1,1,1,7,10091,10091,0,0,0
167,6,Easy,0,1,3,4,10545,10545,1,0,0
167,1,Difficult,1,1,1,7,12227,12227,0,1,0
167,7,Difficult,1,1,6,4,13813,13813,1,0,1
167,7,Difficult,1,1,5,4,14009,14009,1,1,1
167,6,Easy,0,1,3,4,14210,14210,0,1,0
167,4,Easy,0,1,2,4,14570,14570,1,0,0
167,8,Easy,0,1,7,4,52945,37427,0,0,0
168,1,Easy,0,2,1,7,3663,3663,0,0,0
168,4,Difficult,1,2,2,4,4744,4744,0,1,0
168,1,Easy,0,2,1,7,5265,5265,0,1,0
168,1,Easy,0,2,1,7,5703,5703,1,1,0
168,1,Easy,0,2,1,7,6062,6062,1,0,0
168,1,Easy,0,2,1,7,6346,6346,0,1,0
168,3,Easy,0,2,2,2,6770,6770,1,1,0
168,8,Difficult,1,2,1,3,6774,6774,1,1,1
168,5,Easy,0,2,3,3,6904,6904,0,1,0
168,1,Easy,0,2,1,7,6964,6964,1,1,0
168,4,Difficult,1,2,2,4,7058,7058,0,1,0
168,8,Difficult,1,2,2,3,7116,7116,0,1,0
168,4,Difficult,1,2,2,4,7388,7388,0,1,0
168,6,Difficult,1,2,3,4,7534,7534,0,0,0
168,2,Difficult,1,2,1,2,7695,7695,0,1,0
168,3,Easy,0,2,2,2,7790,7790,1,1,0
168,5,Easy,0,2,2,3,7870,7870,0,1,0
168,4,Difficult,1,2,2,4,7873,7873,0,0,0
168,5,Easy,0,2,3,3,8453,8453,1,1,0
168,2,Difficult,1,2,2,2,8769,8769,1,1,1
168,1,Easy,0,2,1,7,10166,10166,0,0,0
168,6,Difficult,1,2,3,4,13048,13048,0,1,0
168,6,Difficult,1,2,3,4,15139,15139,0,0,0
168,6,Difficult,1,2,4,4,21241,21241,0,1,0
168,7,Easy,0,2,6,2,24682,24682,0,0,0
168,7,Easy,0,2,5,2,28593,28593,1,1,0
168,8,Difficult,1,2,7,3,34274,34274,1,0,1
169,1,Difficult,1,1,1,7,2856,2856,1,1,1
169,1,Difficult,1,1,1,7,3067,3067,0,0,0
169,4,Easy,0,1,2,4,3248,3248,1,1,0
169,4,Easy,0,1,2,4,3447,3447,0,0,0
169,4,Easy,0,1,2,4,4106,4106,0,1,0
169,3,Difficult,1,1,2,4,4263,4263,1,1,1
169,1,Difficult,1,1,1,7,4538,4538,0,0,0
169,5,Difficult,1,1,3,5,5262,5262,1,1,1
169,1,Difficult,1,1,1,7,5363,5363,1,0,1
169,5,Difficult,1,1,2,5,5733,5733,0,1,0
169,8,Easy,0,1,2,4,6014,6014,0,1,0
169,2,Easy,0,1,2,4,6366,6366,1,1,0
169,1,Difficult,1,1,1,7,6575,6575,0,1,0
169,4,Easy,0,1,2,4,6732,6732,1,0,0
169,6,Easy,0,1,3,4,7170,7170,0,0,0
169,6,Easy,0,1,4,4,7642,7642,0,1,0
169,3,Difficult,1,1,2,4,7883,7883,1,1,1
169,2,Easy,0,1,1,4,8544,8544,0,0,0
169,6,Easy,0,1,3,4,8945,8945,0,1,0
169,8,Easy,0,1,1,4,9384,9384,1,1,0
169,1,Difficult,1,1,1,7,10428,10428,1,1,1
169,7,Difficult,1,1,6,4,11144,11144,0,0,0
169,5,Difficult,1,1,3,5,15242,15242,1,1,1
169,8,Easy,0,1,7,4,18806,18806,1,0,0
169,6,Easy,0,1,3,4,22767,22767,0,0,0
169,7,Difficult,1,1,5,4,22967,22967,0,1,0
169,1,Difficult,1,1,1,7,37240,37240,1,1,1
170,5,Easy,0,2,3,3,3616,3616,0,1,0
170,1,Easy,0,2,1,7,3803,3803,0,1,0
170,3,Easy,0,2,2,2,4626,4626,1,1,0
170,6,Difficult,1,2,4,4,4685,4685,0,1,0
170,6,Difficult,1,2,3,4,4845,4845,0,1,0
170,1,Easy,0,2,1,7,5394,5394,0,0,0
170,4,Difficult,1,2,2,4,5798,5798,0,0,0
170,2,Difficult,1,2,2,2,5934,5934,1,1,1
170,1,Easy,0,2,1,7,6092,6092,1,0,0
170,3,Easy,0,2,2,2,6443,6443,1,0,0
170,8,Difficult,1,2,1,3,7162,7162,1,1,1
170,7,Easy,0,2,5,2,7203,7203,0,1,0
170,1,Easy,0,2,1,7,7409,7409,0,1,0
170,4,Difficult,1,2,2,4,7527,7527,0,1,0
170,8,Difficult,1,2,2,3,7536,7536,0,1,0
170,4,Difficult,1,2,2,4,7968,7968,0,0,0
170,2,Difficult,1,2,1,2,11155,11155,0,0,0
170,5,Easy,0,2,2,3,11157,11157,0,0,0
170,7,Easy,0,2,6,2,11347,11347,0,0,0
170,6,Difficult,1,2,3,4,11864,11864,0,0,0
170,1,Easy,0,2,1,7,14230,14230,0,0,0
170,5,Easy,0,2,3,3,15620,15620,0,0,0
170,1,Easy,0,2,1,7,18854,18854,0,0,0
170,4,Difficult,1,2,2,4,18972,18972,0,1,0
170,8,Difficult,1,2,7,3,19016,19016,0,0,0
170,6,Difficult,1,2,3,4,20167,20167,0,0,0
170,1,Easy,0,2,1,7,24569,24569,1,1,0
171,5,Difficult,1,1,2,5,1226,2620,0,1,0
171,2,Easy,0,1,1,4,2210,2620,0,0,0
171,1,Difficult,1,1,1,7,2736,2736,0,1,0
171,3,Difficult,1,1,2,4,2893,2893,1,1,1
171,7,Difficult,1,1,5,4,3476,3476,1,1,1
171,1,Difficult,1,1,1,7,3933,3933,0,1,0
171,1,Difficult,1,1,1,7,4205,4205,1,0,1
171,1,Difficult,1,1,1,7,4227,4227,0,1,0
171,5,Difficult,1,1,3,5,4605,4605,1,0,1
171,4,Easy,0,1,2,4,4727,4727,0,0,0
171,4,Easy,0,1,2,4,5270,5270,1,0,0
171,4,Easy,0,1,2,4,5305,5305,0,1,0
171,4,Easy,0,1,2,4,6859,6859,0,1,0
171,6,Easy,0,1,3,4,7074,7074,0,0,0
171,1,Difficult,1,1,1,7,7403,7403,1,1,1
171,6,Easy,0,1,4,4,8159,8159,1,1,0
171,8,Easy,0,1,1,4,8635,8635,0,0,0
171,3,Difficult,1,1,2,4,10810,10810,1,0,1
171,1,Difficult,1,1,1,7,11047,11047,0,0,0
171,8,Easy,0,1,2,4,11398,11398,0,0,0
171,2,Easy,0,1,2,4,11417,11417,1,1,0
171,6,Easy,0,1,3,4,11601,11601,0,1,0
171,5,Difficult,1,1,3,5,12118,12118,1,0,1
171,6,Easy,0,1,3,4,14046,14046,0,1,0
171,8,Easy,0,1,7,4,14611,14611,0,0,0
171,1,Difficult,1,1,1,7,16112,16112,0,1,0
171,7,Difficult,1,1,6,4,20694,20694,0,0,0
172,7,Easy,0,2,5,2,4076,4076,1,1,0
172,1,Easy,0,2,1,7,5303,5303,1,0,0
172,2,Difficult,1,2,1,2,5731,5731,0,1,0
172,5,Easy,0,2,2,3,6100,6100,0,0,0
172,1,Easy,0,2,1,7,6666,6666,0,1,0
172,6,Difficult,1,2,3,4,6827,6827,0,1,0
172,1,Easy,0,2,1,7,7273,7273,0,0,0
172,1,Easy,0,2,1,7,8436,8436,0,1,0
172,4,Difficult,1,2,2,4,8629,8629,1,1,1
172,3,Easy,0,2,2,2,8850,8850,1,0,0
172,5,Easy,0,2,3,3,9664,9664,1,0,0
172,5,Easy,0,2,3,3,10236,10236,1,1,0
172,7,Easy,0,2,6,2,10502,10502,0,0,0
172,6,Difficult,1,2,3,4,11082,11082,0,1,0
172,1,Easy,0,2,1,7,11680,11680,1,1,0
172,2,Difficult,1,2,2,2,11999,11999,1,1,1
172,3,Easy,0,2,2,2,12610,12610,1,0,0
172,8,Difficult,1,2,1,3,13500,13500,0,0,0
172,8,Difficult,1,2,2,3,13853,13853,0,1,0
172,1,Easy,0,2,1,7,14338,14338,0,1,0
172,4,Difficult,1,2,2,4,15783,15783,0,1,0
172,4,Difficult,1,2,2,4,16377,16377,1,0,1
172,4,Difficult,1,2,2,4,19831,19831,0,1,0
172,6,Difficult,1,2,3,4,20109,20109,0,1,0
172,6,Difficult,1,2,4,4,20276,20276,0,1,0
172,1,Easy,0,2,1,7,27068,27068,0,1,0
172,8,Difficult,1,2,7,3,36426,36426,1,0,1
173,5,Difficult,1,1,2,5,4215,4215,0,1,0
173,1,Difficult,1,1,1,7,4244,4244,0,1,0
173,3,Difficult,1,1,2,4,4414,4414,0,1,0
173,1,Difficult,1,1,1,7,6476,6476,1,1,1
173,1,Difficult,1,1,1,7,6525,6525,0,1,0
173,1,Difficult,1,1,1,7,7401,7401,1,1,1
173,4,Easy,0,1,2,4,8398,8398,0,1,0
173,3,Difficult,1,1,2,4,9112,9112,1,0,1
173,7,Difficult,1,1,5,4,9504,9504,0,1,0
173,8,Easy,0,1,1,4,10159,10159,0,1,0
173,6,Easy,0,1,3,4,10422,10422,0,1,0
173,4,Easy,0,1,2,4,10560,10560,0,1,0
173,5,Difficult,1,1,3,5,10643,10643,0,1,0
173,2,Easy,0,1,1,4,10773,10773,0,1,0
173,7,Difficult,1,1,6,4,10936,10936,0,0,0
173,1,Difficult,1,1,1,7,11456,11456,0,1,0
173,2,Easy,0,1,2,4,11934,11934,1,0,0
173,4,Easy,0,1,2,4,11935,11935,0,0,0
173,8,Easy,0,1,2,4,12064,12064,0,1,0
173,1,Difficult,1,1,1,7,13056,13056,0,0,0
173,6,Easy,0,1,3,4,13582,13582,0,0,0
173,6,Easy,0,1,4,4,13811,13811,0,1,0
173,6,Easy,0,1,3,4,14258,14258,0,1,0
173,1,Difficult,1,1,1,7,19442,19442,0,1,0
173,4,Easy,0,1,2,4,20014,20014,0,0,0
173,5,Difficult,1,1,3,5,21167,21167,0,0,0
173,8,Easy,0,1,7,4,41069,37427,0,0,0
174,5,Easy,0,2,2,3,2854,2854,0,1,0
174,1,Easy,0,2,1,7,3931,3931,0,1,0
174,1,Easy,0,2,1,7,4617,4617,1,1,0
174,1,Easy,0,2,1,7,5409,5409,1,1,0
174,2,Difficult,1,2,2,2,5472,5472,1,1,1
174,4,Difficult,1,2,2,4,5619,5619,1,1,1
174,2,Difficult,1,2,1,2,6543,6543,0,1,0
174,4,Difficult,1,2,2,4,6609,6609,1,1,1
174,6,Difficult,1,2,4,4,6668,6668,1,1,1
174,6,Difficult,1,2,3,4,7157,7157,0,1,0
174,3,Easy,0,2,2,2,7709,7709,1,0,0
174,1,Easy,0,2,1,7,7906,7906,1,0,0
174,8,Difficult,1,2,2,3,8240,8240,0,1,0
174,8,Difficult,1,2,1,3,9486,9486,1,1,1
174,6,Difficult,1,2,3,4,9673,9673,0,0,0
174,7,Easy,0,2,6,2,10096,10096,0,0,0
174,4,Difficult,1,2,2,4,10532,10532,1,0,1
174,5,Easy,0,2,3,3,10934,10934,1,1,0
174,7,Easy,0,2,5,2,11099,11099,1,1,0
174,6,Difficult,1,2,3,4,11707,11707,0,0,0
174,1,Easy,0,2,1,7,13702,13702,0,0,0
174,5,Easy,0,2,3,3,16439,16439,0,1,0
174,1,Easy,0,2,1,7,16877,16877,1,1,0
174,8,Difficult,1,2,7,3,20710,20710,1,0,1
174,3,Easy,0,2,2,2,23554,23554,1,1,0
174,4,Difficult,1,2,2,4,28298,28298,0,1,0
174,1,Easy,0,2,1,7,46943,37427,0,1,0
175,3,Difficult,1,1,2,4,2585,2620,1,1,1
175,1,Difficult,1,1,1,7,2603,2620,0,1,0
175,1,Difficult,1,1,1,7,3959,3959,0,1,0
175,5,Difficult,1,1,2,5,4185,4185,0,1,0
175,2,Easy,0,1,2,4,5098,5098,1,1,0
175,6,Easy,0,1,3,4,5841,5841,0,1,0
175,2,Easy,0,1,1,4,6432,6432,0,1,0
175,4,Easy,0,1,2,4,7010,7010,0,1,0
175,6,Easy,0,1,3,4,7226,7226,0,1,0
175,1,Difficult,1,1,1,7,7933,7933,0,1,0
175,5,Difficult,1,1,3,5,8112,8112,0,1,0
175,7,Difficult,1,1,6,4,8155,8155,1,0,1
175,1,Difficult,1,1,1,7,8158,8158,0,1,0
175,1,Difficult,1,1,1,7,8201,8201,0,1,0
175,4,Easy,0,1,2,4,8288,8288,0,0,0
175,4,Easy,0,1,2,4,8327,8327,1,1,0
175,6,Easy,0,1,3,4,9028,9028,0,0,0
175,8,Easy,0,1,1,4,11032,11032,0,1,0
175,1,Difficult,1,1,1,7,12844,12844,0,1,0
175,3,Difficult,1,1,2,4,14700,14700,1,1,1
175,8,Easy,0,1,2,4,16758,16758,0,0,0
175,7,Difficult,1,1,5,4,17472,17472,1,1,1
175,8,Easy,0,1,7,4,17836,17836,0,0,0
175,5,Difficult,1,1,3,5,18121,18121,1,0,1
175,6,Easy,0,1,4,4,22502,22502,1,1,0
175,4,Easy,0,1,2,4,23895,23895,0,1,0
175,1,Difficult,1,1,1,7,30117,30117,1,1,1
176,3,Easy,0,2,2,2,4344,4344,0,1,0
176,7,Easy,0,2,5,2,4614,4614,0,1,0
176,1,Easy,0,2,1,7,5822,5822,1,1,0
176,4,Difficult,1,2,2,4,6140,6140,0,0,0
176,2,Difficult,1,2,1,2,6183,6183,0,0,0
176,1,Easy,0,2,1,7,6332,6332,1,0,0
176,6,Difficult,1,2,4,4,6492,6492,0,1,0
176,4,Difficult,1,2,2,4,7860,7860,0,0,0
176,3,Easy,0,2,2,2,8015,8015,1,1,0
176,2,Difficult,1,2,2,2,8339,8339,1,0,1
176,4,Difficult,1,2,2,4,8963,8963,0,0,0
176,1,Easy,0,2,1,7,9160,9160,1,1,0
176,5,Easy,0,2,2,3,9361,9361,0,0,0
176,8,Difficult,1,2,1,3,9491,9491,0,1,0
176,1,Easy,0,2,1,7,10659,10659,1,0,0
176,1,Easy,0,2,1,7,10709,10709,1,0,0
176,6,Difficult,1,2,3,4,10980,10980,0,0,0
176,6,Difficult,1,2,3,4,11561,11561,0,0,0
176,6,Difficult,1,2,3,4,12497,12497,0,0,0
176,7,Easy,0,2,6,2,13114,13114,1,0,0
176,8,Difficult,1,2,2,3,13709,13709,0,1,0
176,5,Easy,0,2,3,3,16542,16542,1,1,0
176,1,Easy,0,2,1,7,16837,16837,0,0,0
176,8,Difficult,1,2,7,3,17035,17035,0,0,0
176,1,Easy,0,2,1,7,17044,17044,1,1,0
176,5,Easy,0,2,3,3,17289,17289,1,0,0
176,4,Difficult,1,2,2,4,17670,17670,0,0,0
501,4,Easy,0,1,2,4,3092,3092,0,1,0
501,1,Difficult,1,1,1,7,4463,4463,0,1,0
501,5,Difficult,1,1,3,5,4998,4998,0,1,0
501,2,Easy,0,1,1,4,5798,5798,0,1,0
501,1,Difficult,1,1,1,7,5914,5914,0,1,0
501,3,Difficult,1,1,2,4,5931,5931,0,1,0
501,1,Difficult,1,1,1,7,6662,6662,0,1,0
501,6,Easy,0,1,3,4,7144,7144,0,1,0
501,5,Difficult,1,1,2,5,7253,7253,0,1,0
501,4,Easy,0,1,2,4,7373,7373,0,1,0
501,4,Easy,0,1,2,4,7773,7773,0,1,0
501,3,Difficult,1,1,2,4,8083,8083,0,1,0
501,6,Easy,0,1,3,4,8202,8202,0,1,0
501,6,Easy,0,1,3,4,8616,8616,0,0,0
501,2,Easy,0,1,2,4,8634,8634,0,1,0
501,1,Difficult,1,1,1,7,9294,9294,0,1,0
501,8,Easy,0,1,2,4,10796,10796,0,1,0
501,1,Difficult,1,1,1,7,11801,11801,0,1,0
501,5,Difficult,1,1,3,5,11871,11871,1,1,1
501,1,Difficult,1,1,1,7,12295,12295,0,1,0
501,8,Easy,0,1,1,4,12979,12979,1,1,0
501,4,Easy,0,1,2,4,16191,16191,0,1,0
501,7,Difficult,1,1,6,4,18229,18229,0,0,0
501,6,Easy,0,1,4,4,25308,25308,0,1,0
501,1,Difficult,1,1,1,7,27615,27615,0,0,0
501,7,Difficult,1,1,5,4,40316,37427,0,1,0
501,8,Easy,0,1,7,4,47268,37427,0,0,0
502,2,Difficult,1,2,2,2,5067,5067,1,0,1
502,1,Easy,0,2,1,7,5144,5144,0,0,0
502,1,Easy,0,2,1,7,5349,5349,0,1,0
502,6,Difficult,1,2,4,4,5482,5482,1,1,1
502,1,Easy,0,2,1,7,5583,5583,0,0,0
502,1,Easy,0,2,1,7,5819,5819,0,1,0
502,7,Easy,0,2,6,2,6252,6252,1,0,0
502,4,Difficult,1,2,2,4,6316,6316,0,0,0
502,1,Easy,0,2,1,7,6670,6670,1,0,0
502,4,Difficult,1,2,2,4,7087,7087,0,0,0
502,4,Difficult,1,2,2,4,7371,7371,0,1,0
502,1,Easy,0,2,1,7,7705,7705,1,0,0
502,7,Easy,0,2,5,2,8018,8018,1,1,0
502,4,Difficult,1,2,2,4,8322,8322,0,0,0
502,3,Easy,0,2,2,2,8375,8375,0,1,0
502,6,Difficult,1,2,3,4,9558,9558,0,1,0
502,5,Easy,0,2,3,3,10929,10929,0,1,0
502,5,Easy,0,2,2,3,11036,11036,0,0,0
502,3,Easy,0,2,2,2,11216,11216,0,1,0
502,6,Difficult,1,2,3,4,11416,11416,0,0,0
502,6,Difficult,1,2,3,4,11703,11703,0,0,0
502,2,Difficult,1,2,1,2,11831,11831,0,0,0
502,1,Easy,0,2,1,7,12518,12518,0,1,0
502,8,Difficult,1,2,1,3,12531,12531,0,0,0
502,5,Easy,0,2,3,3,13356,13356,1,0,0
502,8,Difficult,1,2,7,3,13478,13478,0,0,0
502,8,Difficult,1,2,2,3,16959,16959,0,0,0
503,4,Easy,0,1,2,4,3298,3298,1,0,0
503,1,Difficult,1,1,1,7,3434,3434,0,0,0
503,8,Easy,0,1,1,4,3440,3440,0,0,0
503,1,Difficult,1,1,1,7,3455,3455,0,1,0
503,2,Easy,0,1,1,4,3487,3487,1,0,0
503,8,Easy,0,1,2,4,4184,4184,1,0,0
503,5,Difficult,1,1,3,5,4372,4372,0,0,0
503,1,Difficult,1,1,1,7,4650,4650,0,1,0
503,5,Difficult,1,1,3,5,4977,4977,0,0,0
503,6,Easy,0,1,3,4,5666,5666,0,1,0
503,1,Difficult,1,1,1,7,5673,5673,1,0,1
503,1,Difficult,1,1,1,7,5865,5865,0,0,0
503,3,Difficult,1,1,2,4,6250,6250,0,1,0
503,6,Easy,0,1,3,4,6354,6354,1,1,0
503,4,Easy,0,1,2,4,6556,6556,0,1,0
503,4,Easy,0,1,2,4,7234,7234,0,1,0
503,2,Easy,0,1,2,4,7290,7290,1,0,0
503,4,Easy,0,1,2,4,7290,7290,0,1,0
503,6,Easy,0,1,4,4,8332,8332,0,1,0
503,6,Easy,0,1,3,4,8440,8440,0,0,0
503,8,Easy,0,1,7,4,8452,8452,0,0,0
503,1,Difficult,1,1,1,7,8934,8934,0,1,0
503,5,Difficult,1,1,2,5,10221,10221,1,1,1
503,3,Difficult,1,1,2,4,10428,10428,0,0,0
503,1,Difficult,1,1,1,7,12456,12456,0,0,0
503,7,Difficult,1,1,5,4,12567,12567,0,1,0
503,7,Difficult,1,1,6,4,17478,17478,1,1,1
505,4,Easy,0,1,2,4,3077,3077,1,1,0
505,1,Difficult,1,1,1,7,3126,3126,1,0,1
505,2,Easy,0,1,2,4,3278,3278,1,1,0
505,4,Easy,0,1,2,4,3546,3546,1,1,0
505,1,Difficult,1,1,1,7,3626,3626,1,0,1
505,3,Difficult,1,1,2,4,4038,4038,1,1,1
505,6,Easy,0,1,4,4,4140,4140,1,1,0
505,5,Difficult,1,1,2,5,4409,4409,1,1,1
505,4,Easy,0,1,2,4,4856,4856,1,0,0
505,1,Difficult,1,1,1,7,5865,5865,1,1,1
505,6,Easy,0,1,3,4,5988,5988,1,1,0
505,2,Easy,0,1,1,4,6244,6244,0,1,0
505,3,Difficult,1,1,2,4,6780,6780,1,0,1
505,1,Difficult,1,1,1,7,7032,7032,1,1,1
505,1,Difficult,1,1,1,7,7739,7739,1,0,1
505,5,Difficult,1,1,3,5,7745,7745,1,0,1
505,6,Easy,0,1,3,4,8843,8843,1,1,0
505,7,Difficult,1,1,5,4,9040,9040,1,1,1
505,8,Easy,0,1,1,4,9512,9512,1,1,0
505,8,Easy,0,1,2,4,9673,9673,0,0,0
505,8,Easy,0,1,7,4,11312,11312,1,0,0
505,1,Difficult,1,1,1,7,13637,13637,0,1,0
505,1,Difficult,1,1,1,7,15039,15039,0,0,0
505,7,Difficult,1,1,6,4,16179,16179,1,0,1
505,4,Easy,0,1,2,4,16406,16406,1,0,0
505,6,Easy,0,1,3,4,17662,17662,1,0,0
505,5,Difficult,1,1,3,5,24539,24539,1,1,1
510,4,Difficult,1,2,2,4,4018,4018,0,1,0
510,3,Easy,0,2,2,2,4800,4800,1,0,0
510,6,Difficult,1,2,4,4,5028,5028,0,1,0
510,1,Easy,0,2,1,7,5208,5208,0,0,0
510,4,Difficult,1,2,2,4,5211,5211,0,1,0
510,3,Easy,0,2,2,2,5633,5633,0,1,0
510,1,Easy,0,2,1,7,6913,6913,0,1,0
510,8,Difficult,1,2,7,3,7074,7074,0,1,0
510,5,Easy,0,2,3,3,7152,7152,1,1,0
510,1,Easy,0,2,1,7,7209,7209,0,1,0
510,4,Difficult,1,2,2,4,7439,7439,0,0,0
510,5,Easy,0,2,2,3,7666,7666,0,1,0
510,2,Difficult,1,2,2,2,7692,7692,1,1,1
510,4,Difficult,1,2,2,4,8434,8434,0,0,0
510,1,Easy,0,2,1,7,10349,10349,0,0,0
510,6,Difficult,1,2,3,4,10489,10489,0,1,0
510,2,Difficult,1,2,1,2,11983,11983,0,1,0
510,6,Difficult,1,2,3,4,13256,13256,0,1,0
510,8,Difficult,1,2,1,3,13928,13928,0,1,0
510,5,Easy,0,2,3,3,14242,14242,1,1,0
510,1,Easy,0,2,1,7,14509,14509,0,0,0
510,1,Easy,0,2,1,7,15887,15887,0,1,0
510,7,Easy,0,2,5,2,16815,16815,0,0,0
510,7,Easy,0,2,6,2,19557,19557,0,0,0
510,1,Easy,0,2,1,7,20055,20055,0,1,0
510,6,Difficult,1,2,3,4,20123,20123,0,1,0
510,8,Difficult,1,2,2,3,24054,24054,0,0,0
511,1,Difficult,1,1,1,7,2779,2779,0,1,0
511,4,Easy,0,1,2,4,4633,4633,0,0,0
511,4,Easy,0,1,2,4,4854,4854,0,1,0
511,5,Difficult,1,1,2,5,4971,4971,0,0,0
511,6,Easy,0,1,3,4,4984,4984,0,0,0
511,3,Difficult,1,1,2,4,5198,5198,0,1,0
511,1,Difficult,1,1,1,7,5909,5909,0,1,0
511,7,Difficult,1,1,5,4,6159,6159,1,0,1
511,1,Difficult,1,1,1,7,6229,6229,1,1,1
511,6,Easy,0,1,3,4,6323,6323,1,0,0
511,6,Easy,0,1,3,4,6388,6388,0,0,0
511,7,Difficult,1,1,6,4,6438,6438,0,0,0
511,3,Difficult,1,1,2,4,6522,6522,0,1,0
511,1,Difficult,1,1,1,7,6786,6786,0,0,0
511,4,Easy,0,1,2,4,6788,6788,0,0,0
511,2,Easy,0,1,2,4,7117,7117,1,1,0
511,1,Difficult,1,1,1,7,7167,7167,1,1,1
511,8,Easy,0,1,2,4,7524,7524,0,0,0
511,4,Easy,0,1,2,4,7808,7808,0,0,0
511,1,Difficult,1,1,1,7,7952,7952,0,1,0
511,5,Difficult,1,1,3,5,8048,8048,1,1,1
511,8,Easy,0,1,7,4,9482,9482,0,1,0
511,2,Easy,0,1,1,4,9598,9598,0,0,0
511,6,Easy,0,1,4,4,10805,10805,1,0,0
511,5,Difficult,1,1,3,5,10936,10936,1,1,1
511,8,Easy,0,1,1,4,11471,11471,1,0,0
511,1,Difficult,1,1,1,7,18335,18335,1,1,1
512,5,Difficult,1,1,3,5,2177,2620,0,1,0
512,7,Difficult,1,1,6,4,2387,2620,1,0,1
512,1,Difficult,1,1,1,7,4567,4567,0,1,0
512,7,Difficult,1,1,5,4,4582,4582,0,1,0
512,8,Easy,0,1,7,4,4586,4586,0,1,0
512,4,Easy,0,1,2,4,4894,4894,0,0,0
512,1,Difficult,1,1,1,7,5468,5468,0,1,0
512,5,Difficult,1,1,2,5,5468,5468,1,1,1
512,3,Difficult,1,1,2,4,5562,5562,1,1,1
512,1,Difficult,1,1,1,7,5698,5698,0,0,0
512,2,Easy,0,1,1,4,6533,6533,0,1,0
512,3,Difficult,1,1,2,4,6591,6591,0,1,0
512,4,Easy,0,1,2,4,6785,6785,0,0,0
512,4,Easy,0,1,2,4,6785,6785,0,0,0
512,6,Easy,0,1,4,4,6789,6789,0,1,0
512,1,Difficult,1,1,1,7,7340,7340,0,0,0
512,1,Difficult,1,1,1,7,7497,7497,0,1,0
512,8,Easy,0,1,1,4,7788,7788,0,1,0
512,4,Easy,0,1,2,4,7897,7897,0,1,0
512,2,Easy,0,1,2,4,8008,8008,0,1,0
512,6,Easy,0,1,3,4,8700,8700,0,1,0
512,1,Difficult,1,1,1,7,8734,8734,1,0,1
512,5,Difficult,1,1,3,5,9087,9087,1,0,1
512,8,Easy,0,1,2,4,9368,9368,0,1,0
512,1,Difficult,1,1,1,7,9834,9834,0,0,0
512,6,Easy,0,1,3,4,10455,10455,0,1,0
512,6,Easy,0,1,3,4,10644,10644,0,0,0
